0,0,0,0,0,0,0,0,0,0,0,0,0,0,0,0,0,0,0,0,0,0,0,0,0,0,0,0,0,0,0,0,0,0,0,0,0,0,0,0,0,0,0,0,0,0,0,0,0,0,0,0,0,0,0,0,0,0,0,0,0,0,0,0,0,0,0,0,0,0,0,0,0,1.0625,2.9375,4.8125,6.6875,8.5625,10.4375,12.3125,14.1875,16.0625,17.9375,19.8125,21.6875,23.5625,25.4375,27.3125,29.1875,30.25
0,0,0,0,0,0,0,0,0,0,0,0,0,0,0,0,0,0,0,0,0,0,0,0,0,0,0,0,0,0,0,0,0,0,0,0,0,0,0,0,0,0,0,0,0,0,0,0,0,0,0,0,0,0,0,0,0,0,0,0,0,0,0,0,0,0,0,0,0,0,0,0,0.243625,3.80612,7.14363,10.2561,13.1436,15.8061,18.2436,20.4561,22.4436,24.2061,25.7436,27.0561,28.1436,29.0061,29.6436,30.0561,30.216,30.25
0,0,0,0,0,0,0,0,0,0,0,0,0,0,0,0,0,0,0,0,0,0,0,0,0,0,0,0,0,0,0,0,0,0,0,0,0,0,0,0,0,0,0,0,0,0,0,0,0,0,0,0,0,0,0,0,0,0,0,0,0,0,0,0,0,0,0,0,0,0,0,0,2.97079,7.73465,11.9014,15.5114,18.6053,21.2236,23.4067,25.1951,26.6294,27.7501,28.5976,29.2125,29.6352,29.9062,30.0661,30.1528,30.216,30.25
0,0,0,0,0,0,0,0,0,0,0,0,0,0,0,0,0,0,0,0,0,0,0,0,0,0,0,0,0,0,0,0,0,0,0,0,0,0,0,0,0,0,0,0,0,0,0,0,0,0,0,0,0,0,0,0,0,0,0,0,0,0,0,0,0,0,0,0,0,0,0,2.14046,6.87574,12.1784,16.4945,19.9572,22.6901,24.8067,26.4112,27.5978,28.4511,29.0458,29.4472,29.7106,29.8818,29.9967,30.081,30.1528,30.216,30.25
0,0,0,0,0,0,0,0,0,0,0,0,0,0,0,0,0,0,0,0,0,0,0,0,0,0,0,0,0,0,0,0,0,0,0,0,0,0,0,0,0,0,0,0,0,0,0,0,0,0,0,0,0,0,0,0,0,0,0,0,0,0,0,0,0,0,0,0,0,0,1.31512,6.02198,11.2928,16.4683,20.3801,23.2822,25.3918,26.8919,27.9345,28.6434,29.117,29.4315,29.6435,29.793,29.9066,29.9998,30.081,30.1528,30.216,30.25
0,0,0,0,0,0,0,0,0,0,0,0,0,0,0,0,0,0,0,0,0,0,0,0,0,0,0,0,0,0,0,0,0,0,0,0,0,0,0,0,0,0,0,0,0,0,0,0,0,0,0,0,0,0,0,0,0,0,0,0,0,0,0,0,0,0,0,0,0,0.49473,5.17335,10.4125,15.557,20.0975,23.2862,25.4814,26.964,27.949,28.5974,29.0257,29.3153,29.5206,29.676,29.8013,29.9075,29.9998,30.081,30.1528,30.216,30.25
0,0,0,0,0,0,0,0,0,0,0,0,0,0,0,0,0,0,0,0,0,0,0,0,0,0,0,0,0,0,0,0,0,0,0,0,0,0,0,0,0,0,0,0,0,0,0,0,0,0,0,0,0,0,0,0,0,0,0,0,0,0,0,0,0,0,0,0,0,4.32981,9.53756,14.6512,19.1644,22.8118,25.2083,26.7612,27.7611,28.4091,28.8398,29.1395,29.3611,29.5354,29.6792,29.8016,29.9075,29.9998,30.081,30.1528,30.216,30.25
0,0,0,0,0,0,0,0,0,0,0,0,0,0,0,0,0,0,0,0,0,0,0,0,0,0,0,0,0,0,0,0,0,0,0,0,0,0,0,0,0,0,0,0,0,0,0,0,0,0,0,0,0,0,0,0,0,0,0,0,0,0,0,0,0,0,0,0,3.49133,8.66784,13.7508,18.237,21.8624,24.607,26.3268,27.41,28.108,28.5773,28.9119,29.1658,29.3687,29.5369,29.6793,29.8016,29.9075,29.9998,30.081,30.1528,30.216,30.25
0,0,0,0,0,0,0,0,0,0,0,0,0,0,0,0,0,0,0,0,0,0,0,0,0,0,0,0,0,0,0,0,0,0,0,0,0,0,0,0,0,0,0,0,0,0,0,0,0,0,0,0,0,0,0,0,0,0,0,0,0,0,0,0,0,0,0,2.65788,7.80333,12.8558,17.315,20.9187,23.6469,25.6517,26.8939,27.6924,28.2348,28.6274,28.9286,29.1701,29.3694,29.5369,29.6793,29.8016,29.9075,29.9998,30.081,30.1528,30.216,30.25
0,0,0,0,0,0,0,0,0,0,0,0,0,0,0,0,0,0,0,0,0,0,0,0,0,0,0,0,0,0,0,0,0,0,0,0,0,0,0,0,0,0,0,0,0,0,0,0,0,0,0,0,0,0,0,0,0,0,0,0,0,0,0,0,0,0,1.82944,6.94401,11.9661,16.3986,19.9807,22.6925,24.6853,26.1814,27.1406,27.7956,28.2725,28.639,28.9314,29.1706,29.3695,29.5369,29.6793,29.8016,29.9075,29.9998,30.081,30.1528,30.216,30.25
0,0,0,0,0,0,0,0,0,0,0,0,0,0,0,0,0,0,0,0,0,0,0,0,0,0,0,0,0,0,0,0,0,0,0,0,0,0,0,0,0,0,0,0,0,0,0,0,0,0,0,0,0,0,0,0,0,0,0,0,0,0,0,0,0,1.00596,6.08985,11.0818,15.4878,19.0483,21.7438,23.7247,25.2118,26.4119,27.2309,27.8264,28.2813,28.6409,28.9316,29.1706,29.3695,29.5369,29.6793,29.8016,29.9075,29.9998,30.081,30.1528,30.216,30.25
0,0,0,0,0,0,0,0,0,0,0,0,0,0,0,0,0,0,0,0,0,0,0,0,0,0,0,0,0,0,0,0,0,0,0,0,0,0,0,0,0,0,0,0,0,0,0,0,0,0,0,0,0,0,0,0,0,0,0,0,0,0,0,0,0.187425,5.24081,10.2029,14.5823,18.1215,20.8009,22.7698,24.248,25.4409,26.4961,27.2577,27.8335,28.2827,28.6411,28.9316,29.1706,29.3695,29.5369,29.6793,29.8016,29.9075,29.9998,30.081,30.1528,30.216,30.25
0,0,0,0,0,0,0,0,0,0,0,0,0,0,0,0,0,0,0,0,0,0,0,0,0,0,0,0,0,0,0,0,0,0,0,0,0,0,0,0,0,0,0,0,0,0,0,0,0,0,0,0,0,0,0,0,0,0,0,0,0,0,0,0,4.39686,9.32913,13.6823,17.2003,19.8636,21.8207,23.29,24.4757,25.5247,26.5212,27.2639,27.8346,28.2829,28.6411,28.9316,29.1706,29.3695,29.5369,29.6793,29.8016,29.9075,29.9998,30.081,30.1528,30.216,30.25
0,0,0,0,0,0,0,0,0,0,0,0,0,0,0,0,0,0,0,0,0,0,0,0,0,0,0,0,0,0,0,0,0,0,0,0,0,0,0,0,0,0,0,0,0,0,0,0,0,0,0,0,0,0,0,0,0,0,0,0,0,0,0,3.55798,8.46066,12.7877,16.2846,18.9319,20.8773,22.3378,23.5164,24.559,25.5496,26.527,27.265,27.8347,28.2829,28.6411,28.9316,29.1706,29.3695,29.5369,29.6793,29.8016,29.9075,29.9998,30.081,30.1528,30.216,30.25
0,0,0,0,0,0,0,0,0,0,0,0,0,0,0,0,0,0,0,0,0,0,0,0,0,0,0,0,0,0,0,0,0,0,0,0,0,0,0,0,0,0,0,0,0,0,0,0,0,0,0,0,0,0,0,0,0,0,0,0,0,0,2.72413,7.5974,11.8985,15.3744,18.0058,19.9395,21.3913,22.5628,23.5992,24.5838,25.5554,26.528,27.2651,27.8347,28.2829,28.6411,28.9316,29.1706,29.3695,29.5369,29.6793,29.8016,29.9075,29.9998,30.081,30.1528,30.216,30.25
0,0,0,0,0,0,0,0,0,0,0,0,0,0,0,0,0,0,0,0,0,0,0,0,0,0,0,0,0,0,0,0,0,0,0,0,0,0,0,0,0,0,0,0,0,0,0,0,0,0,0,0,0,0,0,0,0,0,0,0,0,1.89529,6.73931,11.0146,14.4697,17.0853,19.0074,20.4504,21.6149,22.6451,23.6238,24.5895,25.5563,26.5281,27.2651,27.8347,28.2829,28.6411,28.9316,29.1706,29.3695,29.5369,29.6793,29.8016,29.9075,29.9998,30.081,30.1528,30.216,30.25
0,0,0,0,0,0,0,0,0,0,0,0,0,0,0,0,0,0,0,0,0,0,0,0,0,0,0,0,0,0,0,0,0,0,0,0,0,0,0,0,0,0,0,0,0,0,0,0,0,0,0,0,0,0,0,0,0,0,0,0,1.07142,5.88638,10.136,13.5703,16.1702,18.0808,19.5152,20.6727,21.6967,22.6696,23.6295,24.5905,25.5564,26.5281,27.2651,27.8347,28.2829,28.6411,28.9316,29.1706,29.3695,29.5369,29.6793,29.8016,29.9075,29.9998,30.081,30.1528,30.216,30.25
0,0,0,0,0,0,0,0,0,0,0,0,0,0,0,0,0,0,0,0,0,0,0,0,0,0,0,0,0,0,0,0,0,0,0,0,0,0,0,0,0,0,0,0,0,0,0,0,0,0,0,0,0,0,0,0,0,0,0,0.252487,5.03856,9.26272,12.6764,15.2607,17.1599,18.5856,19.7362,20.754,21.721,22.6752,23.6304,24.5906,25.5564,26.5281,27.2651,27.8347,28.2829,28.6411,28.9316,29.1706,29.3695,29.5369,29.6793,29.8016,29.9075,29.9998,30.081,30.1528,30.216,30.25
0,0,0,0,0,0,0,0,0,0,0,0,0,0,0,0,0,0,0,0,0,0,0,0,0,0,0,0,0,0,0,0,0,0,0,0,0,0,0,0,0,0,0,0,0,0,0,0,0,0,0,0,0,0,0,0,0,0,0,4.19583,8.39464,11.7879,14.3567,16.2444,17.6616,18.8053,19.817,20.7782,21.7267,22.6761,23.6305,24.5906,25.5564,26.5281,27.2651,27.8347,28.2829,28.6411,28.9316,29.1706,29.3695,29.5369,29.6793,29.8016,29.9075,29.9998,30.081,30.1528,30.216,30.25
0,0,0,0,0,0,0,0,0,0,0,0,0,0,0,0,0,0,0,0,0,0,0,0,0,0,0,0,0,0,0,0,0,0,0,0,0,0,0,0,0,0,0,0,0,0,0,0,0,0,0,0,0,0,0,0,0,0,3.35815,7.53177,10.9046,13.458,15.3344,16.7431,17.8799,18.8856,19.841,20.7838,21.7276,22.6762,23.6305,24.5906,25.5564,26.5281,27.2651,27.8347,28.2829,28.6411,28.9316,29.1706,29.3695,29.5369,29.6793,29.8016,29.9075,29.9998,30.081,30.1528,30.216,30.25
0,0,0,0,0,0,0,0,0,0,0,0,0,0,0,0,0,0,0,0,0,0,0,0,0,0,0,0,0,0,0,0,0,0,0,0,0,0,0,0,0,0,0,0,0,0,0,0,0,0,0,0,0,0,0,0,0,2.5255,6.67408,10.0267,12.5648,14.4299,15.8302,16.9602,17.9598,18.9095,19.8466,20.7847,21.7277,22.6762,23.6305,24.5906,25.5564,26.5281,27.2651,27.8347,28.2829,28.6411,28.9316,29.1706,29.3695,29.5369,29.6793,29.8016,29.9075,29.9998,30.081,30.1528,30.216,30.25
0,0,0,0,0,0,0,0,0,0,0,0,0,0,0,0,0,0,0,0,0,0,0,0,0,0,0,0,0,0,0,0,0,0,0,0,0,0,0,0,0,0,0,0,0,0,0,0,0,0,0,0,0,0,0,0,1.69785,5.82154,9.15404,11.6769,13.5309,14.9227,16.0459,17.0395,17.9835,18.915,19.8475,20.7848,21.7277,22.6762,23.6305,24.5906,25.5564,26.5281,27.2651,27.8347,28.2829,28.6411,28.9316,29.1706,29.3695,29.5369,29.6793,29.8016,29.9075,29.9998,30.081,30.1528,30.216,30.25
0,0,0,0,0,0,0,0,0,0,0,0,0,0,0,0,0,0,0,0,0,0,0,0,0,0,0,0,0,0,0,0,0,0,0,0,0,0,0,0,0,0,0,0,0,0,0,0,0,0,0,0,0,0,0,0.875162,4.97411,8.28662,10.7943,12.6372,14.0206,15.1371,16.1248,17.0631,17.989,18.9159,19.8476,20.7848,21.7277,22.6762,23.6305,24.5906,25.5564,26.5281,27.2651,27.8347,28.2829,28.6411,28.9316,29.1706,29.3695,29.5369,29.6793,29.8016,29.9075,29.9998,30.081,30.1528,30.216,30.25
0,0,0,0,0,0,0,0,0,0,0,0,0,0,0,0,0,0,0,0,0,0,0,0,0,0,0,0,0,0,0,0,0,0,0,0,0,0,0,0,0,0,0,0,0,0,0,0,0,0,0,0,0,0,0.0574106,4.13177,7.4244,9.91705,11.7488,13.124,14.2338,15.2155,16.1483,17.0686,17.9899,18.916,19.8476,20.7848,21.7277,22.6762,23.6305,24.5906,25.5564,26.5281,27.2651,27.8347,28.2829,28.6411,28.9316,29.1706,29.3695,29.5369,29.6793,29.8016,29.9075,29.9998,30.081,30.1528,30.216,30.25
0,0,0,0,0,0,0,0,0,0,0,0,0,0,0,0,0,0,0,0,0,0,0,0,0,0,0,0,0,0,0,0,0,0,0,0,0,0,0,0,0,0,0,0,0,0,0,0,0,0,0,0,0,0,3.29447,6.56735,9.04505,10.8658,12.2328,13.3359,14.3117,15.2389,16.1537,17.0695,17.99,18.916,19.8476,20.7848,21.7277,22.6762,23.6305,24.5906,25.5564,26.5281,27.2651,27.8347,28.2829,28.6411,28.9316,29.1706,29.3695,29.5369,29.6793,29.8016,29.9075,29.9998,30.081,30.1528,30.216,30.25
0,0,0,0,0,0,0,0,0,0,0,0,0,0,0,0,0,0,0,0,0,0,0,0,0,0,0,0,0,0,0,0,0,0,0,0,0,0,0,0,0,0,0,0,0,0,0,0,0,0,0,0,0,2.46221,5.71545,8.17828,9.98815,11.3469,12.4434,13.4134,14.3349,15.2443,16.1546,17.0696,17.99,18.916,19.8476,20.7848,21.7277,22.6762,23.6305,24.5906,25.5564,26.5281,27.2651,27.8347,28.2829,28.6411,28.9316,29.1706,29.3695,29.5369,29.6793,29.8016,29.9075,29.9998,30.081,30.1528,30.216,30.25
0,0,0,0,0,0,0,0,0,0,0,0,0,0,0,0,0,0,0,0,0,0,0,0,0,0,0,0,0,0,0,0,0,0,0,0,0,0,0,0,0,0,0,0,0,0,0,0,0,0,0,0,1.63493,4.86866,7.31671,9.11572,10.4663,11.5562,12.5204,13.4364,14.3403,15.2451,16.1547,17.0696,17.99,18.916,19.8476,20.7848,21.7277,22.6762,23.6305,24.5906,25.5564,26.5281,27.2651,27.8347,28.2829,28.6411,28.9316,29.1706,29.3695,29.5369,29.6793,29.8016,29.9075,29.9998,30.081,30.1528,30.216,30.25
0,0,0,0,0,0,0,0,0,0,0,0,0,0,0,0,0,0,0,0,0,0,0,0,0,0,0,0,0,0,0,0,0,0,0,0,0,0,0,0,0,0,0,0,0,0,0,0,0,0,0,0.812625,4.02695,6.46031,8.24853,9.59101,10.6744,11.6328,12.5433,13.4418,14.3412,15.2452,16.1547,17.0696,17.99,18.916,19.8476,20.7848,21.7277,22.6762,23.6305,24.5906,25.5564,26.5281,27.2651,27.8347,28.2829,28.6411,28.9316,29.1706,29.3695,29.5369,29.6793,29.8016,29.9075,29.9998,30.081,30.1528,30.216,30.25
0,0,0,0,0,0,0,0,0,0,0,0,0,0,0,0,0,0,0,0,0,0,0,0,0,0,0,0,0,0,0,0,0,0,0,0,0,0,0,0,0,0,0,0,0,0,0,0,0,0,0,3.19028,5.60905,7.38654,8.72096,9.79784,10.7505,11.6555,12.5486,13.4426,14.3413,15.2452,16.1547,17.0696,17.99,18.916,19.8476,20.7848,21.7277,22.6762,23.6305,24.5906,25.5564,26.5281,27.2651,27.8347,28.2829,28.6411,28.9316,29.1706,29.3695,29.5369,29.6793,29.8016,29.9075,29.9998,30.081,30.1528,30.216,30.25
0,0,0,0,0,0,0,0,0,0,0,0,0,0,0,0,0,0,0,0,0,0,0,0,0,0,0,0,0,0,0,0,0,0,0,0,0,0,0,0,0,0,0,0,0,0,0,0,0,0,2.35864,4.76289,6.52972,7.85613,8.92655,9.87346,10.7731,11.6608,12.5495,13.4427,14.3413,15.2452,16.1547,17.0696,17.99,18.916,19.8476,20.7848,21.7277,22.6762,23.6305,24.5906,25.5564,26.5281,27.2651,27.8347,28.2829,28.6411,28.9316,29.1706,29.3695,29.5369,29.6793,29.8016,29.9075,29.9998,30.081,30.1528,30.216,30.25
0,0,0,0,0,0,0,0,0,0,0,0,0,0,0,0,0,0,0,0,0,0,0,0,0,0,0,0,0,0,0,0,0,0,0,0,0,0,0,0,0,0,0,0,0,0,0,0,0,1.53199,3.92182,5.67804,6.9965,8.06049,9.00172,9.89597,10.7783,11.6617,12.5496,13.4427,14.3413,15.2452,16.1547,17.0696,17.99,18.916,19.8476,20.7848,21.7277,22.6762,23.6305,24.5906,25.5564,26.5281,27.2651,27.8347,28.2829,28.6411,28.9316,29.1706,29.3695,29.5369,29.6793,29.8016,29.9075,29.9998,30.081,30.1528,30.216,30.25
0,0,0,0,0,0,0,0,0,0,0,0,0,0,0,0,0,0,0,0,0,0,0,0,0,0,0,0,0,0,0,0,0,0,0,0,0,0,0,0,0,0,0,0,0,0,0,0,0.710298,3.08579,4.83147,6.14202,7.19963,8.13521,9.0241,9.90117,10.7792,11.6618,12.5496,13.4427,14.3413,15.2452,16.1547,17.0696,17.99,18.916,19.8476,20.7848,21.7277,22.6762,23.6305,24.5906,25.5564,26.5281,27.2651,27.8347,28.2829,28.6411,28.9316,29.1706,29.3695,29.5369,29.6793,29.8016,29.9075,29.9998,30.081,30.1528,30.216,30.25
0,0,0,0,0,0,0,0,0,0,0,0,0,0,0,0,0,0,0,0,0,0,0,0,0,0,0,0,0,0,0,0,0,0,0,0,0,0,0,0,0,0,0,0,0,0,0,0,2.25477,3.98998,5.29267,6.34393,7.2739,8.15745,9.02927,9.90203,10.7793,11.6618,12.5496,13.4427,14.3413,15.2452,16.1547,17.0696,17.99,18.916,19.8476,20.7848,21.7277,22.6762,23.6305,24.5906,25.5564,26.5281,27.2651,27.8347,28.2829,28.6411,28.9316,29.1706,29.3695,29.5369,29.6793,29.8016,29.9075,29.9998,30.081,30.1528,30.216,30.25
0,0,0,0,0,0,0,0,0,0,0,0,0,0,0,0,0,0,0,0,0,0,0,0,0,0,0,0,0,0,0,0,0,0,0,0,0,0,0,0,0,0,0,0,0,0,0,1.42874,3.15354,4.44841,5.49337,6.41776,7.29601,8.16259,9.03012,9.90212,10.7793,11.6618,12.5496,13.4427,14.3413,15.2452,16.1547,17.0696,17.99,18.916,19.8476,20.7848,21.7277,22.6762,23.6305,24.5906,25.5564,26.5281,27.2651,27.8347,28.2829,28.6411,28.9316,29.1706,29.3695,29.5369,29.6793,29.8016,29.9075,29.9998,30.081,30.1528,30.216,30.25
0,0,0,0,0,0,0,0,0,0,0,0,0,0,0,0,0,0,0,0,0,0,0,0,0,0,0,0,0,0,0,0,0,0,0,0,0,0,0,0,0,0,0,0,0,0,0.60767,2.32212,3.60922,4.64791,5.56675,6.43973,7.30112,8.16344,9.03021,9.90212,10.7793,11.6618,12.5496,13.4427,14.3413,15.2452,16.1547,17.0696,17.99,18.916,19.8476,20.7848,21.7277,22.6762,23.6305,24.5906,25.5564,26.5281,27.2651,27.8347,28.2829,28.6411,28.9316,29.1706,29.3695,29.5369,29.6793,29.8016,29.9075,29.9998,30.081,30.1528,30.216,30.25
0,0,0,0,0,0,0,0,0,0,0,0,0,0,0,0,0,0,0,0,0,0,0,0,0,0,0,0,0,0,0,0,0,0,0,0,0,0,0,0,0,0,0,0,0,0,1.49569,2.77506,3.80752,4.72085,5.58859,6.44481,7.30196,8.16353,9.03021,9.90212,10.7793,11.6618,12.5496,13.4427,14.3413,15.2452,16.1547,17.0696,17.99,18.916,19.8476,20.7848,21.7277,22.6762,23.6305,24.5906,25.5564,26.5281,27.2651,27.8347,28.2829,28.6411,28.9316,29.1706,29.3695,29.5369,29.6793,29.8016,29.9075,29.9998,30.081,30.1528,30.216,30.25
0,0,0,0,0,0,0,0,0,0,0,0,0,0,0,0,0,0,0,0,0,0,0,0,0,0,0,0,0,0,0,0,0,0,0,0,0,0,0,0,0,0,0,0,0,0.674217,1.94591,2.97218,3.88002,4.74256,5.59364,6.44565,7.30205,8.16353,9.03021,9.90212,10.7793,11.6618,12.5496,13.4427,14.3413,15.2452,16.1547,17.0696,17.99,18.916,19.8476,20.7848,21.7277,22.6762,23.6305,24.5906,25.5564,26.5281,27.2651,27.8347,28.2829,28.6411,28.9316,29.1706,29.3695,29.5369,29.6793,29.8016,29.9075,29.9998,30.081,30.1528,30.216,30.25
0,0,0,0,0,0,0,0,0,0,0,0,0,0,0,0,0,0,0,0,0,0,0,0,0,0,0,0,0,0,0,0,0,0,0,0,0,0,0,0,0,0,0,0,0,1.12174,2.14184,3.04424,3.90161,4.74758,5.59447,6.44573,7.30205,8.16353,9.03021,9.90212,10.7793,11.6618,12.5496,13.4427,14.3413,15.2452,16.1547,17.0696,17.99,18.916,19.8476,20.7848,21.7277,22.6762,23.6305,24.5906,25.5564,26.5281,27.2651,27.8347,28.2829,28.6411,28.9316,29.1706,29.3695,29.5369,29.6793,29.8016,29.9075,29.9998,30.081,30.1528,30.216,30.25
0,0,0,0,0,0,0,0,0,0,0,0,0,0,0,0,0,0,0,0,0,0,0,0,0,0,0,0,0,0,0,0,0,0,0,0,0,0,0,0,0,0,0,0,0.302508,1.31649,2.21348,3.0657,3.90659,4.74841,5.59456,6.44574,7.30205,8.16353,9.03021,9.90212,10.7793,11.6618,12.5496,13.4427,14.3413,15.2452,16.1547,17.0696,17.99,18.916,19.8476,20.7848,21.7277,22.6762,23.6305,24.5906,25.5564,26.5281,27.2651,27.8347,28.2829,28.6411,28.9316,29.1706,29.3695,29.5369,29.6793,29.8016,29.9075,29.9998,30.081,30.1528,30.216,30.25
0,0,0,0,0,0,0,0,0,0,0,0,0,0,0,0,0,0,0,0,0,0,0,0,0,0,0,0,0,0,0,0,0,0,0,0,0,0,0,0,0,0,0,0,0.496094,1.3877,2.2348,3.07065,3.90742,4.74849,5.59456,6.44574,7.30205,8.16353,9.03021,9.90212,10.7793,11.6618,12.5496,13.4427,14.3413,15.2452,16.1547,17.0696,17.99,18.916,19.8476,20.7848,21.7277,22.6762,23.6305,24.5906,25.5564,26.5281,27.2651,27.8347,28.2829,28.6411,28.9316,29.1706,29.3695,29.5369,29.6793,29.8016,29.9075,29.9998,30.081,30.1528,30.216,30.25
0,0,0,0,0,0,0,0,0,0,0,0,0,0,0,0,0,0,0,0,0,0,0,0,0,0,0,0,0,0,0,0,0,0,0,0,0,0,0,0,0,0,0,0,0.566871,1.40889,2.23973,3.07147,3.9075,4.74849,5.59456,6.44574,7.30205,8.16353,9.03021,9.90212,10.7793,11.6618,12.5496,13.4427,14.3413,15.2452,16.1547,17.0696,17.99,18.916,19.8476,20.7848,21.7277,22.6762,23.6305,24.5906,25.5564,26.5281,27.2651,27.8347,28.2829,28.6411,28.9316,29.1706,29.3695,29.5369,29.6793,29.8016,29.9075,29.9998,30.081,30.1528,30.216,30.25
0,0,0,0,0,0,0,0,0,0,0,0,0,0,0,0,0,0,0,0,0,0,0,0,0,0,0,0,0,0,0,0,0,0,0,0,0,0,0,0,0,0,0,0,0.587941,1.41379,2.24054,3.07156,3.9075,4.74849,5.59456,6.44574,7.30205,8.16353,9.03021,9.90212,10.7793,11.6618,12.5496,13.4427,14.3413,15.2452,16.1547,17.0696,17.99,18.916,19.8476,20.7848,21.7277,22.6762,23.6305,24.5906,25.5564,26.5281,27.2651,27.8347,28.2829,28.6411,28.9316,29.1706,29.3695,29.5369,29.6793,29.8016,29.9075,29.9998,30.081,30.1528,30.216,30.25
0,0,0,0,0,0,0,0,0,0,0,0,0,0,0,0,0,0,0,0,0,0,0,0,0,0,0,0,0,0,0,0,0,0,0,0,0,0,0,0,0,0,0,0,0.592808,1.4146,2.24063,3.07156,3.9075,4.74849,5.59456,6.44574,7.30205,8.16353,9.03021,9.90212,10.7793,11.6618,12.5496,13.4427,14.3413,15.2452,16.1547,17.0696,17.99,18.916,19.8476,20.7848,21.7277,22.6762,23.6305,24.5906,25.5564,26.5281,27.2651,27.8347,28.2829,28.6411,28.9316,29.1706,29.3695,29.5369,29.6793,29.8016,29.9075,29.9998,30.081,30.1528,30.216,30.25
0,0,0,0,0,0,0,0,0,0,0,0,0,0,0,0,0,0,0,0,0,0,0,0,0,0,0,0,0,0,0,0,0,0,0,0,0,0,0,0,0,0,0,0,0.593613,1.41468,2.24063,3.07156,3.9075,4.74849,5.59456,6.44574,7.30205,8.16353,9.03021,9.90212,10.7793,11.6618,12.5496,13.4427,14.3413,15.2452,16.1547,17.0696,17.99,18.916,19.8476,20.7848,21.7277,22.6762,23.6305,24.5906,25.5564,26.5281,27.2651,27.8347,28.2829,28.6411,28.9316,29.1706,29.3695,29.5369,29.6793,29.8016,29.9075,29.9998,30.081,30.1528,30.216,30.25
0,0,0,0,0,0,0,0,0,0,0,0,0,0,0,0,0,0,0,0,0,0,0,0,0,0,0,0,0,0,0,0,0,0,0,0,0,0,0,0,0,0,0,0,0.593694,1.41468,2.24063,3.07156,3.9075,4.74849,5.59456,6.44574,7.30205,8.16353,9.03021,9.90212,10.7793,11.6618,12.5496,13.4427,14.3413,15.2452,16.1547,17.0696,17.99,18.916,19.8476,20.7848,21.7277,22.6762,23.6305,24.5906,25.5564,26.5281,27.2651,27.8347,28.2829,28.6411,28.9316,29.1706,29.3695,29.5369,29.6793,29.8016,29.9075,29.9998,30.081,30.1528,30.216,30.25
0,0,0,0,0,0,0,0,0,0,0,0,0,0,0,0,0,0,0,0,0,0,0,0,0,0,0,0,0,0,0,0,0,0,0,0,0,0,0,0,0,0,0,0,0.593697,1.41468,2.24063,3.07156,3.9075,4.74849,5.59456,6.44574,7.30205,8.16353,9.03021,9.90212,10.7793,11.6618,12.5496,13.4427,14.3413,15.2452,16.1547,17.0696,17.99,18.916,19.8476,20.7848,21.7277,22.6762,23.6305,24.5906,25.5564,26.5281,27.2651,27.8347,28.2829,28.6411,28.9316,29.1706,29.3695,29.5369,29.6793,29.8016,29.9075,29.9998,30.081,30.1528,30.216,30.25
0,0,0,0,0,0,0,0,0,0,0,0,0,0,0,0,0,0,0,0,0,0,0,0,0,0,0,0,0,0,0,0,0,0,0,0,0,0,0,0,0,0,0,0,0.593697,1.41468,2.24063,3.07156,3.9075,4.74849,5.59456,6.44574,7.30205,8.16353,9.03021,9.90212,10.7793,11.6618,12.5496,13.4427,14.3413,15.2452,16.1547,17.0696,17.99,18.916,19.8476,20.7848,21.7277,22.6762,23.6305,24.5906,25.5564,26.5281,27.2651,27.8347,28.2829,28.6411,28.9316,29.1706,29.3695,29.5369,29.6793,29.8016,29.9075,29.9998,30.081,30.1528,30.216,30.25
0,0,0,0,0,0,0,0,0,0,0,0,0,0,0,0,0,0,0,0,0,0,0,0,0,0,0,0,0,0,0,0,0,0,0,0,0,0,0,0,0,0,0,0,0.593697,1.41468,2.24063,3.07156,3.9075,4.74849,5.59456,6.44574,7.30205,8.16353,9.03021,9.90212,10.7793,11.6618,12.5496,13.4427,14.3413,15.2452,16.1547,17.0696,17.99,18.916,19.8476,20.7848,21.7277,22.6762,23.6305,24.5906,25.5564,26.5281,27.2651,27.8347,28.2829,28.6411,28.9316,29.1706,29.3695,29.5369,29.6793,29.8016,29.9075,29.9998,30.081,30.1528,30.216,30.25
0,0,0,0,0,0,0,0,0,0,0,0,0,0,0,0,0,0,0,0,0,0,0,0,0,0,0,0,0,0,0,0,0,0,0,0,0,0,0,0,0,0,0,0,0.593697,1.41468,2.24063,3.07156,3.9075,4.74849,5.59456,6.44574,7.30205,8.16353,9.03021,9.90212,10.7793,11.6618,12.5496,13.4427,14.3413,15.2452,16.1547,17.0696,17.99,18.916,19.8476,20.7848,21.7277,22.6762,23.6305,24.5906,25.5564,26.5281,27.2651,27.8347,28.2829,28.6411,28.9316,29.1706,29.3695,29.5369,29.6793,29.8016,29.9075,29.9998,30.081,30.1528,30.216,30.25
0,0,0,0,0,0,0,0,0,0,0,0,0,0,0,0,0,0,0,0,0,0,0,0,0,0,0,0,0,0,0,0,0,0,0,0,0,0,0,0,0,0,0,0,0.593697,1.41468,2.24063,3.07156,3.9075,4.74849,5.59456,6.44574,7.30205,8.16353,9.03021,9.90212,10.7793,11.6618,12.5496,13.4427,14.3413,15.2452,16.1547,17.0696,17.99,18.916,19.8476,20.7848,21.7277,22.6762,23.6305,24.5906,25.5564,26.5281,27.2651,27.8347,28.2829,28.6411,28.9316,29.1706,29.3695,29.5369,29.6793,29.8016,29.9075,29.9998,30.081,30.1528,30.216,30.25
0,0,0,0,0,0,0,0,0,0,0,0,0,0,0,0,0,0,0,0,0,0,0,0,0,0,0,0,0,0,0,0,0,0,0,0,0,0,0,0,0,0,0,0,0.593697,1.41468,2.24063,3.07156,3.9075,4.74849,5.59456,6.44574,7.30205,8.16353,9.03021,9.90212,10.7793,11.6618,12.5496,13.4427,14.3413,15.2452,16.1547,17.0696,17.99,18.916,19.8476,20.7848,21.7277,22.6762,23.6305,24.5906,25.5564,26.5281,27.2651,27.8347,28.2829,28.6411,28.9316,29.1706,29.3695,29.5369,29.6793,29.8016,29.9075,29.9998,30.081,30.1528,30.216,30.25
0,0,0,0,0,0,0,0,0,0,0,0,0,0,0,0,0,0,0,0,0,0,0,0,0,0,0,0,0,0,0,0,0,0,0,0,0,0,0,0,0,0,0,0,0.593697,1.41468,2.24063,3.07156,3.9075,4.74849,5.59456,6.44574,7.30205,8.16353,9.03021,9.90212,10.7793,11.6618,12.5496,13.4427,14.3413,15.2452,16.1547,17.0696,17.99,18.916,19.8476,20.7848,21.7277,22.6762,23.6305,24.5906,25.5564,26.5281,27.2651,27.8347,28.2829,28.6411,28.9316,29.1706,29.3695,29.5369,29.6793,29.8016,29.9075,29.9998,30.081,30.1528,30.216,30.25
0,0,0,0,0,0,0,0,0,0,0,0,0,0,0,0,0,0,0,0,0,0,0,0,0,0,0,0,0,0,0,0,0,0,0,0,0,0,0,0,0,0,0,0,0.593697,1.41468,2.24063,3.07156,3.9075,4.74849,5.59456,6.44574,7.30205,8.16353,9.03021,9.90212,10.7793,11.6618,12.5496,13.4427,14.3413,15.2452,16.1547,17.0696,17.99,18.916,19.8476,20.7848,21.7277,22.6762,23.6305,24.5906,25.5564,26.5281,27.2651,27.8347,28.2829,28.6411,28.9316,29.1706,29.3695,29.5369,29.6793,29.8016,29.9075,29.9998,30.081,30.1528,30.216,30.25
0,0,0,0,0,0,0,0,0,0,0,0,0,0,0,0,0,0,0,0,0,0,0,0,0,0,0,0,0,0,0,0,0,0,0,0,0,0,0,0,0,0,0,0,0.593697,1.41468,2.24063,3.07156,3.9075,4.74849,5.59456,6.44574,7.30205,8.16353,9.03021,9.90212,10.7793,11.6618,12.5496,13.4427,14.3413,15.2452,16.1547,17.0696,17.99,18.916,19.8476,20.7848,21.7277,22.6762,23.6305,24.5906,25.5564,26.5281,27.2651,27.8347,28.2829,28.6411,28.9316,29.1706,29.3695,29.5369,29.6793,29.8016,29.9075,29.9998,30.081,30.1528,30.216,30.25
0,0,0,0,0,0,0,0,0,0,0,0,0,0,0,0,0,0,0,0,0,0,0,0,0,0,0,0,0,0,0,0,0,0,0,0,0,0,0,0,0,0,0,0,0.593697,1.41468,2.24063,3.07156,3.9075,4.74849,5.59456,6.44574,7.30205,8.16353,9.03021,9.90212,10.7793,11.6618,12.5496,13.4427,14.3413,15.2452,16.1547,17.0696,17.99,18.916,19.8476,20.7848,21.7277,22.6762,23.6305,24.5906,25.5564,26.5281,27.2651,27.8347,28.2829,28.6411,28.9316,29.1706,29.3695,29.5369,29.6793,29.8016,29.9075,29.9998,30.081,30.1528,30.216,30.25
0,0,0,0,0,0,0,0,0,0,0,0,0,0,0,0,0,0,0,0,0,0,0,0,0,0,0,0,0,0,0,0,0,0,0,0,0,0,0,0,0,0,0,0,0.593697,1.41468,2.24063,3.07156,3.9075,4.74849,5.59456,6.44574,7.30205,8.16353,9.03021,9.90212,10.7793,11.6618,12.5496,13.4427,14.3413,15.2452,16.1547,17.0696,17.99,18.916,19.8476,20.7848,21.7277,22.6762,23.6305,24.5906,25.5564,26.5281,27.2651,27.8347,28.2829,28.6411,28.9316,29.1706,29.3695,29.5369,29.6793,29.8016,29.9075,29.9998,30.081,30.1528,30.216,30.25
0,0,0,0,0,0,0,0,0,0,0,0,0,0,0,0,0,0,0,0,0,0,0,0,0,0,0,0,0,0,0,0,0,0,0,0,0,0,0,0,0,0,0,0,0.593697,1.41468,2.24063,3.07156,3.9075,4.74849,5.59456,6.44574,7.30205,8.16353,9.03021,9.90212,10.7793,11.6618,12.5496,13.4427,14.3413,15.2452,16.1547,17.0696,17.99,18.916,19.8476,20.7848,21.7277,22.6762,23.6305,24.5906,25.5564,26.5281,27.2651,27.8347,28.2829,28.6411,28.9316,29.1706,29.3695,29.5369,29.6793,29.8016,29.9075,29.9998,30.081,30.1528,30.216,30.25
0,0,0,0,0,0,0,0,0,0,0,0,0,0,0,0,0,0,0,0,0,0,0,0,0,0,0,0,0,0,0,0,0,0,0,0,0,0,0,0,0,0,0,0,0.593697,1.41468,2.24063,3.07156,3.9075,4.74849,5.59456,6.44574,7.30205,8.16353,9.03021,9.90212,10.7793,11.6618,12.5496,13.4427,14.3413,15.2452,16.1547,17.0696,17.99,18.916,19.8476,20.7848,21.7277,22.6762,23.6305,24.5906,25.5564,26.5281,27.2651,27.8347,28.2829,28.6411,28.9316,29.1706,29.3695,29.5369,29.6793,29.8016,29.9075,29.9998,30.081,30.1528,30.216,30.25
0,0,0,0,0,0,0,0,0,0,0,0,0,0,0,0,0,0,0,0,0,0,0,0,0,0,0,0,0,0,0,0,0,0,0,0,0,0,0,0,0,0,0,0,0.593697,1.41468,2.24063,3.07156,3.9075,4.74849,5.59456,6.44574,7.30205,8.16353,9.03021,9.90212,10.7793,11.6618,12.5496,13.4427,14.3413,15.2452,16.1547,17.0696,17.99,18.916,19.8476,20.7848,21.7277,22.6762,23.6305,24.5906,25.5564,26.5281,27.2651,27.8347,28.2829,28.6411,28.9316,29.1706,29.3695,29.5369,29.6793,29.8016,29.9075,29.9998,30.081,30.1528,30.216,30.25
0,0,0,0,0,0,0,0,0,0,0,0,0,0,0,0,0,0,0,0,0,0,0,0,0,0,0,0,0,0,0,0,0,0,0,0,0,0,0,0,0,0,0,0,0.593697,1.41468,2.24063,3.07156,3.9075,4.74849,5.59456,6.44574,7.30205,8.16353,9.03021,9.90212,10.7793,11.6618,12.5496,13.4427,14.3413,15.2452,16.1547,17.0696,17.99,18.916,19.8476,20.7848,21.7277,22.6762,23.6305,24.5906,25.5564,26.5281,27.2651,27.8347,28.2829,28.6411,28.9316,29.1706,29.3695,29.5369,29.6793,29.8016,29.9075,29.9998,30.081,30.1528,30.216,30.25
0,0,0,0,0,0,0,0,0,0,0,0,0,0,0,0,0,0,0,0,0,0,0,0,0,0,0,0,0,0,0,0,0,0,0,0,0,0,0,0,0,0,0,0,0.593697,1.41468,2.24063,3.07156,3.9075,4.74849,5.59456,6.44574,7.30205,8.16353,9.03021,9.90212,10.7793,11.6618,12.5496,13.4427,14.3413,15.2452,16.1547,17.0696,17.99,18.916,19.8476,20.7848,21.7277,22.6762,23.6305,24.5906,25.5564,26.5281,27.2651,27.8347,28.2829,28.6411,28.9316,29.1706,29.3695,29.5369,29.6793,29.8016,29.9075,29.9998,30.081,30.1528,30.216,30.25
0,0,0,0,0,0,0,0,0,0,0,0,0,0,0,0,0,0,0,0,0,0,0,0,0,0,0,0,0,0,0,0,0,0,0,0,0,0,0,0,0,0,0,0,0.593697,1.41468,2.24063,3.07156,3.9075,4.74849,5.59456,6.44574,7.30205,8.16353,9.03021,9.90212,10.7793,11.6618,12.5496,13.4427,14.3413,15.2452,16.1547,17.0696,17.99,18.916,19.8476,20.7848,21.7277,22.6762,23.6305,24.5906,25.5564,26.5281,27.2651,27.8347,28.2829,28.6411,28.9316,29.1706,29.3695,29.5369,29.6793,29.8016,29.9075,29.9998,30.081,30.1528,30.216,30.25
0,0,0,0,0,0,0,0,0,0,0,0,0,0,0,0,0,0,0,0,0,0,0,0,0,0,0,0,0,0,0,0,0,0,0,0,0,0,0,0,0,0,0,0,0.593697,1.41468,2.24063,3.07156,3.9075,4.74849,5.59456,6.44574,7.30205,8.16353,9.03021,9.90212,10.7793,11.6618,12.5496,13.4427,14.3413,15.2452,16.1547,17.0696,17.99,18.916,19.8476,20.7848,21.7277,22.6762,23.6305,24.5906,25.5564,26.5281,27.2651,27.8347,28.2829,28.6411,28.9316,29.1706,29.3695,29.5369,29.6793,29.8016,29.9075,29.9998,30.081,30.1528,30.216,30.25
0,0,0,0,0,0,0,0,0,0,0,0,0,0,0,0,0,0,0,0,0,0,0,0,0,0,0,0,0,0,0,0,0,0,0,0,0,0,0,0,0,0,0,0,0.593697,1.41468,2.24063,3.07156,3.9075,4.74849,5.59456,6.44574,7.30205,8.16353,9.03021,9.90212,10.7793,11.6618,12.5496,13.4427,14.3413,15.2452,16.1547,17.0696,17.99,18.916,19.8476,20.7848,21.7277,22.6762,23.6305,24.5906,25.5564,26.5281,27.2651,27.8347,28.2829,28.6411,28.9316,29.1706,29.3695,29.5369,29.6793,29.8016,29.9075,29.9998,30.081,30.1528,30.216,30.25
0,0,0,0,0,0,0,0,0,0,0,0,0,0,0,0,0,0,0,0,0,0,0,0,0,0,0,0,0,0,0,0,0,0,0,0,0,0,0,0,0,0,0,0,0.593697,1.41468,2.24063,3.07156,3.9075,4.74849,5.59456,6.44574,7.30205,8.16353,9.03021,9.90212,10.7793,11.6618,12.5496,13.4427,14.3413,15.2452,16.1547,17.0696,17.99,18.916,19.8476,20.7848,21.7277,22.6762,23.6305,24.5906,25.5564,26.5281,27.2651,27.8347,28.2829,28.6411,28.9316,29.1706,29.3695,29.5369,29.6793,29.8016,29.9075,29.9998,30.081,30.1528,30.216,30.25
0,0,0,0,0,0,0,0,0,0,0,0,0,0,0,0,0,0,0,0,0,0,0,0,0,0,0,0,0,0,0,0,0,0,0,0,0,0,0,0,0,0,0,0,0.593697,1.41468,2.24063,3.07156,3.9075,4.74849,5.59456,6.44574,7.30205,8.16353,9.03021,9.90212,10.7793,11.6618,12.5496,13.4427,14.3413,15.2452,16.1547,17.0696,17.99,18.916,19.8476,20.7848,21.7277,22.6762,23.6305,24.5906,25.5564,26.5281,27.2651,27.8347,28.2829,28.6411,28.9316,29.1706,29.3695,29.5369,29.6793,29.8016,29.9075,29.9998,30.081,30.1528,30.216,30.25
0,0,0,0,0,0,0,0,0,0,0,0,0,0,0,0,0,0,0,0,0,0,0,0,0,0,0,0,0,0,0,0,0,0,0,0,0,0,0,0,0,0,0,0,0.593697,1.41468,2.24063,3.07156,3.9075,4.74849,5.59456,6.44574,7.30205,8.16353,9.03021,9.90212,10.7793,11.6618,12.5496,13.4427,14.3413,15.2452,16.1547,17.0696,17.99,18.916,19.8476,20.7848,21.7277,22.6762,23.6305,24.5906,25.5564,26.5281,27.2651,27.8347,28.2829,28.6411,28.9316,29.1706,29.3695,29.5369,29.6793,29.8016,29.9075,29.9998,30.081,30.1528,30.216,30.25
0,0,0,0,0,0,0,0,0,0,0,0,0,0,0,0,0,0,0,0,0,0,0,0,0,0,0,0,0,0,0,0,0,0,0,0,0,0,0,0,0,0,0,0,0.593697,1.41468,2.24063,3.07156,3.9075,4.74849,5.59456,6.44574,7.30205,8.16353,9.03021,9.90212,10.7793,11.6618,12.5496,13.4427,14.3413,15.2452,16.1547,17.0696,17.99,18.916,19.8476,20.7848,21.7277,22.6762,23.6305,24.5906,25.5564,26.5281,27.2651,27.8347,28.2829,28.6411,28.9316,29.1706,29.3695,29.5369,29.6793,29.8016,29.9075,29.9998,30.081,30.1528,30.216,30.25
0,0,0,0,0,0,0,0,0,0,0,0,0,0,0,0,0,0,0,0,0,0,0,0,0,0,0,0,0,0,0,0,0,0,0,0,0,0,0,0,0,0,0,0,0.593697,1.41468,2.24063,3.07156,3.9075,4.74849,5.59456,6.44574,7.30205,8.16353,9.03021,9.90212,10.7793,11.6618,12.5496,13.4427,14.3413,15.2452,16.1547,17.0696,17.99,18.916,19.8476,20.7848,21.7277,22.6762,23.6305,24.5906,25.5564,26.5281,27.2651,27.8347,28.2829,28.6411,28.9316,29.1706,29.3695,29.5369,29.6793,29.8016,29.9075,29.9998,30.081,30.1528,30.216,30.25
0,0,0,0,0,0,0,0,0,0,0,0,0,0,0,0,0,0,0,0,0,0,0,0,0,0,0,0,0,0,0,0,0,0,0,0,0,0,0,0,0,0,0,0,0.593697,1.41468,2.24063,3.07156,3.9075,4.74849,5.59456,6.44574,7.30205,8.16353,9.03021,9.90212,10.7793,11.6618,12.5496,13.4427,14.3413,15.2452,16.1547,17.0696,17.99,18.916,19.8476,20.7848,21.7277,22.6762,23.6305,24.5906,25.5564,26.5281,27.2651,27.8347,28.2829,28.6411,28.9316,29.1706,29.3695,29.5369,29.6793,29.8016,29.9075,29.9998,30.081,30.1528,30.216,30.25
0,0,0,0,0,0,0,0,0,0,0,0,0,0,0,0,0,0,0,0,0,0,0,0,0,0,0,0,0,0,0,0,0,0,0,0,0,0,0,0,0,0,0,0,0.593697,1.41468,2.24063,3.07156,3.9075,4.74849,5.59456,6.44574,7.30205,8.16353,9.03021,9.90212,10.7793,11.6618,12.5496,13.4427,14.3413,15.2452,16.1547,17.0696,17.99,18.916,19.8476,20.7848,21.7277,22.6762,23.6305,24.5906,25.5564,26.5281,27.2651,27.8347,28.2829,28.6411,28.9316,29.1706,29.3695,29.5369,29.6793,29.8016,29.9075,29.9998,30.081,30.1528,30.216,30.25
0,0,0,0,0,0,0,0,0,0,0,0,0,0,0,0,0,0,0,0,0,0,0,0,0,0,0,0,0,0,0,0,0,0,0,0,0,0,0,0,0,0,0,0,0.593697,1.41468,2.24063,3.07156,3.9075,4.74849,5.59456,6.44574,7.30205,8.16353,9.03021,9.90212,10.7793,11.6618,12.5496,13.4427,14.3413,15.2452,16.1547,17.0696,17.99,18.916,19.8476,20.7848,21.7277,22.6762,23.6305,24.5906,25.5564,26.5281,27.2651,27.8347,28.2829,28.6411,28.9316,29.1706,29.3695,29.5369,29.6793,29.8016,29.9075,29.9998,30.081,30.1528,30.216,30.25
0,0,0,0,0,0,0,0,0,0,0,0,0,0,0,0,0,0,0,0,0,0,0,0,0,0,0,0,0,0,0,0,0,0,0,0,0,0,0,0,0,0,0,0,0.593697,1.41468,2.24063,3.07156,3.9075,4.74849,5.59456,6.44574,7.30205,8.16353,9.03021,9.90212,10.7793,11.6618,12.5496,13.4427,14.3413,15.2452,16.1547,17.0696,17.99,18.916,19.8476,20.7848,21.7277,22.6762,23.6305,24.5906,25.5564,26.5281,27.2651,27.8347,28.2829,28.6411,28.9316,29.1706,29.3695,29.5369,29.6793,29.8016,29.9075,29.9998,30.081,30.1528,30.216,30.25
0,0,0,0,0,0,0,0,0,0,0,0,0,0,0,0,0,0,0,0,0,0,0,0,0,0,0,0,0,0,0,0,0,0,0,0,0,0,0,0,0,0,0,0,0.593697,1.41468,2.24063,3.07156,3.9075,4.74849,5.59456,6.44574,7.30205,8.16353,9.03021,9.90212,10.7793,11.6618,12.5496,13.4427,14.3413,15.2452,16.1547,17.0696,17.99,18.916,19.8476,20.7848,21.7277,22.6762,23.6305,24.5906,25.5564,26.5281,27.2651,27.8347,28.2829,28.6411,28.9316,29.1706,29.3695,29.5369,29.6793,29.8016,29.9075,29.9998,30.081,30.1528,30.216,30.25
0,0,0,0,0,0,0,0,0,0,0,0,0,0,0,0,0,0,0,0,0,0,0,0,0,0,0,0,0,0,0,0,0,0,0,0,0,0,0,0,0,0,0,0,0.593697,1.41468,2.24063,3.07156,3.9075,4.74849,5.59456,6.44574,7.30205,8.16353,9.03021,9.90212,10.7793,11.6618,12.5496,13.4427,14.3413,15.2452,16.1547,17.0696,17.99,18.916,19.8476,20.7848,21.7277,22.6762,23.6305,24.5906,25.5564,26.5281,27.2651,27.8347,28.2829,28.6411,28.9316,29.1706,29.3695,29.5369,29.6793,29.8016,29.9075,29.9998,30.081,30.1528,30.216,30.25
0,0,0,0,0,0,0,0,0,0,0,0,0,0,0,0,0,0,0,0,0,0,0,0,0,0,0,0,0,0,0,0,0,0,0,0,0,0,0,0,0,0,0,0,0.593697,1.41468,2.24063,3.07156,3.9075,4.74849,5.59456,6.44574,7.30205,8.16353,9.03021,9.90212,10.7793,11.6618,12.5496,13.4427,14.3413,15.2452,16.1547,17.0696,17.99,18.916,19.8476,20.7848,21.7277,22.6762,23.6305,24.5906,25.5564,26.5281,27.2651,27.8347,28.2829,28.6411,28.9316,29.1706,29.3695,29.5369,29.6793,29.8016,29.9075,29.9998,30.081,30.1528,30.216,30.25
0,0,0,0,0,0,0,0,0,0,0,0,0,0,0,0,0,0,0,0,0,0,0,0,0,0,0,0,0,0,0,0,0,0,0,0,0,0,0,0,0,0,0,0,0.593697,1.41468,2.24063,3.07156,3.9075,4.74849,5.59456,6.44574,7.30205,8.16353,9.03021,9.90212,10.7793,11.6618,12.5496,13.4427,14.3413,15.2452,16.1547,17.0696,17.99,18.916,19.8476,20.7848,21.7277,22.6762,23.6305,24.5906,25.5564,26.5281,27.2651,27.8347,28.2829,28.6411,28.9316,29.1706,29.3695,29.5369,29.6793,29.8016,29.9075,29.9998,30.081,30.1528,30.216,30.25
0,0,0,0,0,0,0,0,0,0,0,0,0,0,0,0,0,0,0,0,0,0,0,0,0,0,0,0,0,0,0,0,0,0,0,0,0,0,0,0,0,0,0,0,0.593697,1.41468,2.24063,3.07156,3.9075,4.74849,5.59456,6.44574,7.30205,8.16353,9.03021,9.90212,10.7793,11.6618,12.5496,13.4427,14.3413,15.2452,16.1547,17.0696,17.99,18.916,19.8476,20.7848,21.7277,22.6762,23.6305,24.5906,25.5564,26.5281,27.2651,27.8347,28.2829,28.6411,28.9316,29.1706,29.3695,29.5369,29.6793,29.8016,29.9075,29.9998,30.081,30.1528,30.216,30.25
0,0,0,0,0,0,0,0,0,0,0,0,0,0,0,0,0,0,0,0,0,0,0,0,0,0,0,0,0,0,0,0,0,0,0,0,0,0,0,0,0,0,0,0,0.593697,1.41468,2.24063,3.07156,3.9075,4.74849,5.59456,6.44574,7.30205,8.16353,9.03021,9.90212,10.7793,11.6618,12.5496,13.4427,14.3413,15.2452,16.1547,17.0696,17.99,18.916,19.8476,20.7848,21.7277,22.6762,23.6305,24.5906,25.5564,26.5281,27.2651,27.8347,28.2829,28.6411,28.9316,29.1706,29.3695,29.5369,29.6793,29.8016,29.9075,29.9998,30.081,30.1528,30.216,30.25
0,0,0,0,0,0,0,0,0,0,0,0,0,0,0,0,0,0,0,0,0,0,0,0,0,0,0,0,0,0,0,0,0,0,0,0,0,0,0,0,0,0,0,0,0.593697,1.41468,2.24063,3.07156,3.9075,4.74849,5.59456,6.44574,7.30205,8.16353,9.03021,9.90212,10.7793,11.6618,12.5496,13.4427,14.3413,15.2452,16.1547,17.0696,17.99,18.916,19.8476,20.7848,21.7277,22.6762,23.6305,24.5906,25.5564,26.5281,27.2651,27.8347,28.2829,28.6411,28.9316,29.1706,29.3695,29.5369,29.6793,29.8016,29.9075,29.9998,30.081,30.1528,30.216,30.25
0,0,0,0,0,0,0,0,0,0,0,0,0,0,0,0,0,0,0,0,0,0,0,0,0,0,0,0,0,0,0,0,0,0,0,0,0,0,0,0,0,0,0,0,0.593697,1.41468,2.24063,3.07156,3.9075,4.74849,5.59456,6.44574,7.30205,8.16353,9.03021,9.90212,10.7793,11.6618,12.5496,13.4427,14.3413,15.2452,16.1547,17.0696,17.99,18.916,19.8476,20.7848,21.7277,22.6762,23.6305,24.5906,25.5564,26.5281,27.2651,27.8347,28.2829,28.6411,28.9316,29.1706,29.3695,29.5369,29.6793,29.8016,29.9075,29.9998,30.081,30.1528,30.216,30.25
0,0,0,0,0,0,0,0,0,0,0,0,0,0,0,0,0,0,0,0,0,0,0,0,0,0,0,0,0,0,0,0,0,0,0,0,0,0,0,0,0,0,0,0,0.593697,1.41468,2.24063,3.07156,3.9075,4.74849,5.59456,6.44574,7.30205,8.16353,9.03021,9.90212,10.7793,11.6618,12.5496,13.4427,14.3413,15.2452,16.1547,17.0696,17.99,18.916,19.8476,20.7848,21.7277,22.6762,23.6305,24.5906,25.5564,26.5281,27.2651,27.8347,28.2829,28.6411,28.9316,29.1706,29.3695,29.5369,29.6793,29.8016,29.9075,29.9998,30.081,30.1528,30.216,30.25
0,0,0,0,0,0,0,0,0,0,0,0,0,0,0,0,0,0,0,0,0,0,0,0,0,0,0,0,0,0,0,0,0,0,0,0,0,0,0,0,0,0,0,0,0.593697,1.41468,2.24063,3.07156,3.9075,4.74849,5.59456,6.44574,7.30205,8.16353,9.03021,9.90212,10.7793,11.6618,12.5496,13.4427,14.3413,15.2452,16.1547,17.0696,17.99,18.916,19.8476,20.7848,21.7277,22.6762,23.6305,24.5906,25.5564,26.5281,27.2651,27.8347,28.2829,28.6411,28.9316,29.1706,29.3695,29.5369,29.6793,29.8016,29.9075,29.9998,30.081,30.1528,30.216,30.25
0,0,0,0,0,0,0,0,0,0,0,0,0,0,0,0,0,0,0,0,0,0,0,0,0,0,0,0,0,0,0,0,0,0,0,0,0,0,0,0,0,0,0,0,0.593697,1.41468,2.24063,3.07156,3.9075,4.74849,5.59456,6.44574,7.30205,8.16353,9.03021,9.90212,10.7793,11.6618,12.5496,13.4427,14.3413,15.2452,16.1547,17.0696,17.99,18.916,19.8476,20.7848,21.7277,22.6762,23.6305,24.5906,25.5564,26.5281,27.2651,27.8347,28.2829,28.6411,28.9316,29.1706,29.3695,29.5369,29.6793,29.8016,29.9075,29.9998,30.081,30.1528,30.216,30.25
0,0,0,0,0,0,0,0,0,0,0,0,0,0,0,0,0,0,0,0,0,0,0,0,0,0,0,0,0,0,0,0,0,0,0,0,0,0,0,0,0,0,0,0,0.593845,1.41483,2.24078,3.07171,3.90765,4.74864,5.59471,6.44588,7.3022,8.16368,9.03036,9.90227,10.7794,11.6619,12.5497,13.4429,14.3414,15.2454,16.1548,17.0697,17.9902,18.9162,19.8478,20.785,21.7278,22.6764,23.6307,24.5907,25.5566,26.5297,27.2682,27.8394,28.289,28.6486,28.9407,29.1811,29.3815,29.5504,29.6943,29.8181,29.9254,30.0193,30.102,30.1752,30.2399,30.2748
0,0,0,0,0,0,0,0,0,0,0,0,0,0,0,0,0,0,0,0,0,0,0,0,0,0,0,0,0,0,0,0,0,0,0,0,0,0,0,0,0,0,0,0,0.594326,1.41531,2.24126,3.07219,3.90813,4.74912,5.59519,6.44637,7.30268,8.16416,9.03084,9.90275,10.7799,11.6624,12.5502,13.4434,14.3419,15.2459,16.1553,17.0702,17.9907,18.9167,19.8482,20.7854,21.7283,22.6769,23.6312,24.5912,25.5585,26.5363,27.2792,27.8546,28.3083,28.6719,28.9677,29.2117,29.4155,29.5876,29.7345,29.8611,29.9711,30.0675,30.1524,30.2278,30.2944,30.3303
0,0,0,0,0,0,0,0,0,0,0,0,0,0,0,0,0,0,0,0,0,0,0,0,0,0,0,0,0,0,0,0,0,0,0,0,0,0,0,0,0,0,0,0,0.594904,1.41589,2.24184,3.07276,3.90871,4.7497,5.59577,6.44694,7.30325,8.16474,9.03142,9.90333,10.7805,11.663,12.5508,13.4439,14.3425,15.2464,16.1559,17.0708,17.9912,18.9172,19.8488,20.786,21.7289,22.6774,23.6317,24.5932,25.5652,26.5477,27.2947,27.8735,28.33,28.6957,28.9932,29.2382,29.4426,29.6148,29.7614,29.8873,29.9963,30.0912,30.1745,30.2479,30.3123,30.3468
0,0,0,0,0,0,0,0,0,0,0,0,0,0,0,0,0,0,0,0,0,0,0,0,0,0,0,0,0,0,0,0,0,0,0,0,0,0,0,0,0,0,0,0,0.5955,1.41649,2.24243,3.07336,3.90931,4.7503,5.59636,6.44754,7.30385,8.16533,9.03201,9.90393,10.7811,11.6636,12.5514,13.4445,14.3431,15.247,16.1565,17.0714,17.9918,18.9178,19.8494,20.7866,21.7295,22.678,23.6338,24.5999,25.5765,26.5624,27.3116,27.8918,28.3488,28.7145,29.0114,29.2554,29.4584,29.6291,29.7741,29.8983,30.0056,30.0989,30.1808,30.253,30.3165,30.3506
0,0,0,0,0,0,0,0,0,0,0,0,0,0,0,0,0,0,0,0,0,0,0,0,0,0,0,0,0,0,0,0,0,0,0,0,0,0,0,0,0,0,0,0,0.596097,1.41709,2.24303,3.07396,3.9099,4.75089,5.59696,6.44814,7.30445,8.16593,9.03261,9.90452,10.7817,11.6642,12.552,13.4451,14.3437,15.2476,16.1571,17.072,17.9924,18.9184,19.85,20.7872,21.7301,22.6801,23.6404,24.6111,25.5911,26.5782,27.3277,27.9073,28.3632,28.7274,29.0225,29.2648,29.4661,29.6352,29.7788,29.9018,30.0081,30.1008,30.1821,30.254,30.3172,30.3513
0,0,0,0,0,0,0,0,0,0,0,0,0,0,0,0,0,0,0,0,0,0,0,0,0,0,0,0,0,0,0,0,0,0,0,0,0,0,0,0,0,0,0,0,0.596691,1.41768,2.24362,3.07455,3.9105,4.75149,5.59756,6.44873,7.30504,8.16652,9.0332,9.90512,10.7823,11.6648,12.5526,13.4457,14.3443,15.2482,16.1577,17.0726,17.993,18.919,19.8506,20.7878,21.7321,22.6866,23.6516,24.6257,25.6069,26.5933,27.3412,27.919,28.3729,28.7351,29.0285,29.2692,29.4693,29.6374,29.7802,29.9027,30.0087,30.1011,30.1823,30.2541,30.3173,30.3513
0,0,0,0,0,0,0,0,0,0,0,0,0,0,0,0,0,0,0,0,0,0,0,0,0,0,0,0,0,0,0,0,0,0,0,0,0,0,0,0,0,0,0,0,0.597281,1.41827,2.24421,3.07514,3.91109,4.75208,5.59815,6.44932,7.30563,8.16711,9.03379,9.90571,10.7829,11.6654,12.5532,13.4463,14.3449,15.2488,16.1583,17.0732,17.9936,18.9196,19.8512,20.7898,21.7386,22.6978,23.666,24.6413,25.6218,26.6059,27.3515,27.9269,28.3787,28.7393,29.0313,29.271,29.4704,29.638,29.7806,29.9029,30.0088,30.1012,30.1824,30.2541,30.3173,30.3513
0,0,0,0,0,0,0,0,0,0,0,0,0,0,0,0,0,0,0,0,0,0,0,0,0,0,0,0,0,0,0,0,0,0,0,0,0,0,0,0,0,0,0,0,0.597867,1.41886,2.2448,3.07573,3.91167,4.75266,5.59873,6.44991,7.30622,8.1677,9.03438,9.90629,10.7835,11.6659,12.5537,13.4469,14.3454,15.2494,16.1588,17.0738,17.9942,18.9202,19.8532,20.7963,21.7497,22.7121,23.6816,24.6562,25.6344,26.6154,27.3583,27.9316,28.3818,28.7412,29.0324,29.2717,29.4707,29.6382,29.7806,29.9029,30.0088,30.1012,30.1824,30.2541,30.3173,30.3513
0,0,0,0,0,0,0,0,0,0,0,0,0,0,0,0,0,0,0,0,0,0,0,0,0,0,0,0,0,0,0,0,0,0,0,0,0,0,0,0,0,0,0,0,0.59845,1.41944,2.24538,3.07631,3.91226,4.75325,5.59931,6.45049,7.3068,8.16828,9.03496,9.90688,10.7841,11.6665,12.5543,13.4475,14.346,15.25,16.1594,17.0743,17.9948,18.9222,19.8596,20.8073,21.764,22.7276,23.6964,24.6687,25.6439,26.6219,27.3625,27.9342,28.3833,28.742,29.0328,29.2719,29.4708,29.6382,29.7807,29.9029,30.0088,30.1012,30.1824,30.2541,30.3173,30.3513
0,0,0,0,0,0,0,0,0,0,0,0,0,0,0,0,0,0,0,0,0,0,0,0,0,0,0,0,0,0,0,0,0,0,0,0,0,0,0,0,0,0,0,0,0.59903,1.42002,2.24596,3.07689,3.91284,4.75383,5.59989,6.45107,7.30738,8.16886,9.03554,9.90746,10.7846,11.6671,12.5549,13.4481,14.3466,15.2506,16.16,17.0749,17.9968,18.9286,19.8706,20.8215,21.7794,22.7423,23.7088,24.6781,25.6503,26.6258,27.3647,27.9354,28.3839,28.7423,29.0329,29.2719,29.4708,29.6382,29.7807,29.9029,30.0088,30.1012,30.1824,30.2541,30.3173,30.3513
0,0,0,0,0,0,0,0,0,0,0,0,0,0,0,0,0,0,0,0,0,0,0,0,0,0,0,0,0,0,0,0,0,0,0,0,0,0,0,0,0,0,0,0,0.599606,1.42059,2.24654,3.07747,3.91341,4.7544,5.60047,6.45164,7.30796,8.16944,9.03612,9.90803,10.7852,11.6677,12.5555,13.4486,14.3472,15.2512,16.1606,17.0769,18.0031,18.9395,19.8847,20.8368,21.7939,22.7546,23.7181,24.6845,25.6541,26.6278,27.3658,27.9358,28.3841,28.7424,29.033,29.2719,29.4708,29.6382,29.7807,29.9029,30.0088,30.1012,30.1824,30.2541,30.3173,30.3513
0,0,0,0,0,0,0,0,0,0,0,0,0,0,0,0,0,0,0,0,0,0,0,0,0,0,0,0,0,0,0,0,0,0,0,0,0,0,0,0,0,0,0,0,0.600178,1.42117,2.24711,3.07804,3.91398,4.75498,5.60104,6.45222,7.30853,8.17001,9.03669,9.9086,10.7858,11.6683,12.556,13.4492,14.3478,15.2517,16.1625,17.0832,18.0139,18.9535,19.8999,20.8513,21.8062,22.7639,23.7245,24.6883,25.6562,26.6288,27.3662,27.936,28.3842,28.7424,29.033,29.2719,29.4708,29.6382,29.7807,29.9029,30.0088,30.1012,30.1824,30.2541,30.3173,30.3513
0,0,0,0,0,0,0,0,0,0,0,0,0,0,0,0,0,0,0,0,0,0,0,0,0,0,0,0,0,0,0,0,0,0,0,0,0,0,0,0,0,0,0,0,0.600747,1.42174,2.24768,3.07861,3.91455,4.75554,5.60161,6.45279,7.3091,8.17058,9.03726,9.90917,10.7863,11.6688,12.5566,13.4498,14.3483,15.2537,16.1688,17.094,18.0278,18.9686,19.9143,20.8635,21.8155,22.7702,23.7283,24.6903,25.6571,26.6292,27.3663,27.9361,28.3842,28.7424,29.033,29.2719,29.4708,29.6382,29.7807,29.9029,30.0088,30.1012,30.1824,30.2541,30.3173,30.3513
0,0,0,0,0,0,0,0,0,0,0,0,0,0,0,0,0,0,0,0,0,0,0,0,0,0,0,0,0,0,0,0,0,0,0,0,0,0,0,0,0,0,0,0,0.601313,1.4223,2.24824,3.07917,3.91512,4.75611,5.60218,6.45335,7.30966,8.17115,9.03783,9.90974,10.7869,11.6694,12.5572,13.4503,14.3503,15.2599,16.1795,17.1078,18.0429,18.9829,19.9264,20.8727,21.8217,22.774,23.7303,24.6913,25.6575,26.6294,27.3664,27.9361,28.3842,28.7424,29.033,29.2719,29.4708,29.6382,29.7807,29.9029,30.0088,30.1012,30.1824,30.2541,30.3173,30.3513
0,0,0,0,0,0,0,0,0,0,0,0,0,0,0,0,0,0,0,0,0,0,0,0,0,0,0,0,0,0,0,0,0,0,0,0,0,0,0,0,0,0,0,0,0.601875,1.42286,2.24881,3.07974,3.91568,4.75667,5.60274,6.45391,7.31023,8.17171,9.03839,9.9103,10.7875,11.6699,12.5577,13.4523,14.3565,15.2705,16.1932,17.1227,18.0571,18.995,19.9356,20.8789,21.8255,22.776,23.7313,24.6917,25.6577,26.6294,27.3664,27.9361,28.3842,28.7424,29.033,29.2719,29.4708,29.6382,29.7807,29.9029,30.0088,30.1012,30.1824,30.2541,30.3173,30.3513
0,0,0,0,0,0,0,0,0,0,0,0,0,0,0,0,0,0,0,0,0,0,0,0,0,0,0,0,0,0,0,0,0,0,0,0,0,0,0,0,0,0,0,0,0.602434,1.42342,2.24937,3.0803,3.91624,4.75723,5.6033,6.45447,7.31079,8.17227,9.03895,9.91086,10.788,11.6705,12.5597,13.4584,14.367,15.2842,16.2081,17.1369,18.0691,19.0041,19.9417,20.8826,21.8275,22.777,23.7317,24.6918,25.6577,26.6294,27.3664,27.9361,28.3842,28.7424,29.033,29.2719,29.4708,29.6382,29.7807,29.9029,30.0088,30.1012,30.1824,30.2541,30.3173,30.3513
0,0,0,0,0,0,0,0,0,0,0,0,0,0,0,0,0,0,0,0,0,0,0,0,0,0,0,0,0,0,0,0,0,0,0,0,0,0,0,0,0,0,0,0,0.60299,1.42398,2.24992,3.08085,3.9168,4.75779,5.60385,6.45503,7.31134,8.17282,9.0395,9.91142,10.7886,11.6724,12.5658,13.4689,14.3806,15.299,16.2222,17.1488,18.0781,19.0102,19.9454,20.8846,21.8284,22.7774,23.7318,24.6919,25.6577,26.6294,27.3664,27.9361,28.3842,28.7424,29.033,29.2719,29.4708,29.6382,29.7807,29.9029,30.0088,30.1012,30.1824,30.2541,30.3173,30.3513
0,0,0,0,0,0,0,0,0,0,0,0,0,0,0,0,0,0,0,0,0,0,0,0,0,0,0,0,0,0,0,0,0,0,0,0,0,0,0,0,0,0,0,0,0.603542,1.42453,2.25047,3.0814,3.91735,4.75834,5.60441,6.45558,7.31189,8.17337,9.04006,9.91197,10.7905,11.6785,12.5762,13.4824,14.3953,15.3129,16.234,17.1578,18.0842,19.0139,19.9474,20.8856,21.8288,22.7775,23.7318,24.6919,25.6577,26.6294,27.3664,27.9361,28.3842,28.7424,29.033,29.2719,29.4708,29.6382,29.7807,29.9029,30.0088,30.1012,30.1824,30.2541,30.3173,30.3513
0,0,0,0,0,0,0,0,0,0,0,0,0,0,0,0,0,0,0,0,0,0,0,0,0,0,0,0,0,0,0,0,0,0,0,0,0,0,0,0,0,0,0,0,0.604091,1.42508,2.25102,3.08195,3.9179,4.75889,5.60496,6.45613,7.31244,8.17392,9.0406,9.91385,10.7965,11.6889,12.5896,13.497,14.4092,15.3247,16.2429,17.1638,18.0879,19.0159,19.9484,20.886,21.829,22.7776,23.7319,24.6919,25.6577,26.6294,27.3664,27.9361,28.3842,28.7424,29.033,29.2719,29.4708,29.6382,29.7807,29.9029,30.0088,30.1012,30.1824,30.2541,30.3173,30.3513
0,0,0,0,0,0,0,0,0,0,0,0,0,0,0,0,0,0,0,0,0,0,0,0,0,0,0,0,0,0,0,0,0,0,0,0,0,0,0,0,0,0,0,0,0.604637,1.42562,2.25157,3.0825,3.91844,4.75943,5.6055,6.45668,7.31299,8.17447,9.04248,9.91987,10.8068,11.7022,12.6041,13.5108,14.4209,15.3336,16.249,17.1675,18.0899,19.0168,19.9488,20.8861,21.829,22.7776,23.7319,24.6919,25.6577,26.6294,27.3664,27.9361,28.3842,28.7424,29.033,29.2719,29.4708,29.6382,29.7807,29.9029,30.0088,30.1012,30.1824,30.2541,30.3173,30.3513
0,0,0,0,0,0,0,0,0,0,0,0,0,0,0,0,0,0,0,0,0,0,0,0,0,0,0,0,0,0,0,0,0,0,0,0,0,0,0,0,0,0,0,0,0.605179,1.42617,2.25211,3.08304,3.91899,4.75998,5.60604,6.45722,7.31353,8.17633,9.04846,9.93011,10.8201,11.7166,12.6179,13.5225,14.4297,15.3396,16.2526,17.1694,18.0908,19.0172,19.9489,20.8861,21.829,22.7776,23.7319,24.6919,25.6577,26.6294,27.3664,27.9361,28.3842,28.7424,29.033,29.2719,29.4708,29.6382,29.7807,29.9029,30.0088,30.1012,30.1824,30.2541,30.3173,30.3513
0,0,0,0,0,0,0,0,0,0,0,0,0,0,0,0,0,0,0,0,0,0,0,0,0,0,0,0,0,0,0,0,0,0,0,0,0,0,0,0,0,0,0,0,0.605718,1.42671,2.25265,3.08358,3.91952,4.76052,5.60658,6.45776,7.31538,8.18228,9.05864,9.94329,10.8344,11.7303,12.6294,13.5312,14.4356,15.3432,16.2545,17.1704,18.0912,19.0173,19.9489,20.8862,21.829,22.7776,23.7319,24.6919,25.6577,26.6294,27.3664,27.9361,28.3842,28.7424,29.033,29.2719,29.4708,29.6382,29.7807,29.9029,30.0088,30.1012,30.1824,30.2541,30.3173,30.3513
0,0,0,0,0,0,0,0,0,0,0,0,0,0,0,0,0,0,0,0,0,0,0,0,0,0,0,0,0,0,0,0,0,0,0,0,0,0,0,0,0,0,0,0,0.606254,1.42724,2.25319,3.08412,3.92006,4.76105,5.60712,6.45959,7.32129,8.1924,9.07174,9.95753,10.848,11.7418,12.6381,13.5371,14.4392,15.3451,16.2554,17.1707,18.0913,19.0173,19.9489,20.8862,21.829,22.7776,23.7319,24.6919,25.6577,26.6294,27.3664,27.9361,28.3842,28.7424,29.033,29.2719,29.4708,29.6382,29.7807,29.9029,30.0088,30.1012,30.1824,30.2541,30.3173,30.3513
0,0,0,0,0,0,0,0,0,0,0,0,0,0,0,0,0,0,0,0,0,0,0,0,0,0,0,0,0,0,0,0,0,0,0,0,0,0,0,0,0,0,0,0,0.606787,1.42777,2.25372,3.08465,3.92059,4.76158,5.60894,6.46547,7.33135,8.20541,9.08589,9.97101,10.8594,11.7504,12.644,13.5407,14.4412,15.346,16.2558,17.1709,18.0913,19.0174,19.9489,20.8862,21.829,22.7776,23.7319,24.6919,25.6577,26.6294,27.3664,27.9361,28.3842,28.7424,29.033,29.2719,29.4708,29.6382,29.7807,29.9029,30.0088,30.1012,30.1824,30.2541,30.3173,30.3513
0,0,0,0,0,0,0,0,0,0,0,0,0,0,0,0,0,0,0,0,0,0,0,0,0,0,0,0,0,0,0,0,0,0,0,0,0,0,0,0,0,0,0,0,0.607316,1.4283,2.25425,3.08518,3.92112,4.7634,5.61479,6.47547,7.34429,8.21949,9.0993,9.98237,10.868,11.7563,12.6476,13.5426,14.4421,15.3464,16.256,17.1709,18.0914,19.0174,19.9489,20.8862,21.829,22.7776,23.7319,24.6919,25.6577,26.6294,27.3664,27.9361,28.3842,28.7424,29.033,29.2719,29.4708,29.6382,29.7807,29.9029,30.0088,30.1012,30.1824,30.2541,30.3173,30.3513
0,0,0,0,0,0,0,0,0,0,0,0,0,0,0,0,0,0,0,0,0,0,0,0,0,0,0,0,0,0,0,0,0,0,0,0,0,0,0,0,0,0,0,0,0.607842,1.42883,2.25477,3.0857,3.92293,4.7692,5.62472,6.48833,7.35828,8.23281,9.11058,9.99093,10.8738,11.7598,12.6495,13.5435,14.4424,15.3465,16.256,17.1709,18.0914,19.0174,19.9489,20.8862,21.829,22.7776,23.7319,24.6919,25.6577,26.6294,27.3664,27.9361,28.3842,28.7424,29.033,29.2719,29.4708,29.6382,29.7807,29.9029,30.0088,30.1012,30.1824,30.2541,30.3173,30.3513
0,0,0,0,0,0,0,0,0,0,0,0,0,0,0,0,0,0,0,0,0,0,0,0,0,0,0,0,0,0,0,0,0,0,0,0,0,0,0,0,0,0,0,0,0.608366,1.42935,2.2553,3.0875,3.9287,4.77908,5.63751,6.50224,7.37152,8.24403,9.11909,9.9967,10.8773,11.7617,12.6504,13.5439,14.4426,15.3466,16.256,17.1709,18.0914,19.0174,19.9489,20.8862,21.829,22.7776,23.7319,24.6919,25.6577,26.6294,27.3664,27.9361,28.3842,28.7424,29.033,29.2719,29.4708,29.6382,29.7807,29.9029,30.0088,30.1012,30.1824,30.2541,30.3173,30.3513
0,0,0,0,0,0,0,0,0,0,0,0,0,0,0,0,0,0,0,0,0,0,0,0,0,0,0,0,0,0,0,0,0,0,0,0,0,0,0,0,0,0,0,0,0.608885,1.42987,2.25708,3.09323,3.93852,4.79179,5.65133,6.5154,7.38267,8.25248,9.12483,10.0002,10.8792,11.7626,12.6507,13.544,14.4426,15.3466,16.256,17.1709,18.0914,19.0174,19.9489,20.8862,21.829,22.7776,23.7319,24.6919,25.6577,26.6294,27.3664,27.9361,28.3842,28.7424,29.033,29.2719,29.4708,29.6382,29.7807,29.9029,30.0088,30.1012,30.1824,30.2541,30.3173,30.3513
0,0,0,0,0,0,0,0,0,0,0,0,0,0,0,0,0,0,0,0,0,0,0,0,0,0,0,0,0,0,0,0,0,0,0,0,0,0,0,0,0,0,0,0,0.609402,1.43165,2.26278,3.10299,3.95115,4.80553,5.66441,6.52648,7.39108,8.25819,9.12829,10.002,10.8801,11.7629,12.6509,13.544,14.4426,15.3466,16.256,17.1709,18.0914,19.0174,19.9489,20.8862,21.829,22.7776,23.7319,24.6919,25.6577,26.6294,27.3664,27.9361,28.3842,28.7424,29.033,29.2719,29.4708,29.6382,29.7807,29.9029,30.0088,30.1012,30.1824,30.2541,30.3173,30.3513
0,0,0,0,0,0,0,0,0,0,0,0,0,0,0,0,0,0,0,0,0,0,0,0,0,0,0,0,0,0,0,0,0,0,0,0,0,0,0,0,0,0,0,0,0.611164,1.43731,2.27248,3.11555,3.96481,4.81854,5.67543,6.53484,7.39675,8.26163,9.13014,10.0029,10.8805,11.7631,12.6509,13.5441,14.4426,15.3466,16.256,17.1709,18.0914,19.0174,19.9489,20.8862,21.829,22.7776,23.7319,24.6919,25.6577,26.6294,27.3664,27.9361,28.3842,28.7424,29.033,29.2719,29.4708,29.6382,29.7807,29.9029,30.0088,30.1012,30.1824,30.2541,30.3173,30.3513
0,0,0,0,0,0,0,0,0,0,0,0,0,0,0,0,0,0,0,0,0,0,0,0,0,0,0,0,0,0,0,0,0,0,0,0,0,0,0,0,0,0,0,0,0.616797,1.44696,2.28496,3.12913,3.97773,4.82949,5.68374,6.54048,7.40017,8.26347,9.13101,10.0033,10.8806,11.7631,12.6509,13.5441,14.4426,15.3466,16.256,17.1709,18.0914,19.0174,19.9489,20.8862,21.829,22.7776,23.7319,24.6919,25.6577,26.6294,27.3664,27.9361,28.3842,28.7424,29.033,29.2719,29.4708,29.6382,29.7807,29.9029,30.0088,30.1012,30.1824,30.2541,30.3173,30.3513
0,0,0,0,0,0,0,0,0,0,0,0,0,0,0,0,0,0,0,0,0,0,0,0,0,0,0,0,0,0,0,0,0,0,0,0,0,0,0,0,0,0,0,0,0.626384,1.45936,2.29846,3.14197,3.98862,4.83774,5.68934,6.54388,7.402,8.26433,9.13137,10.0034,10.8806,11.7631,12.6509,13.5441,14.4426,15.3466,16.256,17.1709,18.0914,19.0174,19.9489,20.8862,21.829,22.7776,23.7319,24.6919,25.6577,26.6294,27.3664,27.9361,28.3842,28.7424,29.033,29.2719,29.4708,29.6382,29.7807,29.9029,30.0088,30.1012,30.1824,30.2541,30.3173,30.3513
0,0,0,0,0,0,0,0,0,0,0,0,0,0,0,0,0,0,0,0,0,0,0,0,0,0,0,0,0,0,0,0,0,0,0,0,0,0,0,0,0,0,0,0,0.638715,1.47278,2.31123,3.15279,3.99682,4.84331,5.69272,6.54569,7.40286,8.26469,9.1315,10.0034,10.8806,11.7631,12.6509,13.5441,14.4426,15.3466,16.256,17.1709,18.0914,19.0174,19.9489,20.8862,21.829,22.7776,23.7319,24.6919,25.6577,26.6294,27.3664,27.9361,28.3842,28.7424,29.033,29.2719,29.4708,29.6382,29.7807,29.9029,30.0088,30.1012,30.1824,30.2541,30.3173,30.3513
0,0,0,0,0,0,0,0,0,0,0,0,0,0,0,0,0,0,0,0,0,0,0,0,0,0,0,0,0,0,0,0,0,0,0,0,0,0,0,0,0,0,0,0,0.652047,1.48547,2.32199,3.16095,4.00236,4.84667,5.69453,6.54655,7.40321,8.26481,9.13153,10.0035,10.8806,11.7631,12.6509,13.5441,14.4426,15.3466,16.256,17.1709,18.0914,19.0174,19.9489,20.8862,21.829,22.7776,23.7319,24.6919,25.6577,26.6294,27.3664,27.9361,28.3842,28.7424,29.033,29.2719,29.4708,29.6382,29.7807,29.9029,30.0088,30.1012,30.1824,30.2541,30.3173,30.3513
0,0,0,0,0,0,0,0,0,0,0,0,0,0,0,0,0,0,0,0,0,0,0,0,0,0,0,0,0,0,0,0,0,0,0,0,0,0,0,0,0,0,0,0,0.664666,1.49616,2.33009,3.16646,4.0057,4.84847,5.69538,6.5469,7.40333,8.26485,9.13154,10.0035,10.8806,11.7631,12.6509,13.5441,14.4426,15.3466,16.256,17.1709,18.0914,19.0174,19.9489,20.8862,21.829,22.7776,23.7319,24.6919,25.6577,26.6294,27.3664,27.9361,28.3842,28.7424,29.033,29.2719,29.4708,29.6382,29.7807,29.9029,30.0088,30.1012,30.1824,30.2541,30.3173,30.3513
0,0,0,0,0,0,0,0,0,0,0,0,0,0,0,0,0,0,0,0,0,0,0,0,0,0,0,0,0,0,0,0,0,0,0,0,0,0,0,0,0,0,0,0,0.675292,1.50422,2.33557,3.16977,4.00748,4.84931,5.69572,6.54702,7.40337,8.26486,9.13154,10.0035,10.8806,11.7631,12.6509,13.5441,14.4426,15.3466,16.256,17.1709,18.0914,19.0174,19.9489,20.8862,21.829,22.7776,23.7319,24.6919,25.6577,26.6294,27.3664,27.9361,28.3842,28.7424,29.033,29.2719,29.4708,29.6382,29.7807,29.9029,30.0088,30.1012,30.1824,30.2541,30.3173,30.3513
0,0,0,0,0,0,0,0,0,0,0,0,0,0,0,0,0,0,0,0,0,0,0,0,0,0,0,0,0,0,0,0,0,0,0,0,0,0,0,0,0,0,0,0,0.683303,1.50966,2.33886,3.17155,4.00832,4.84966,5.69585,6.54706,7.40338,8.26486,9.13154,10.0035,10.8806,11.7631,12.6509,13.5441,14.4426,15.3466,16.256,17.1709,18.0914,19.0174,19.9489,20.8862,21.829,22.7776,23.7319,24.6919,25.6577,26.6294,27.3664,27.9361,28.3842,28.7424,29.033,29.2719,29.4708,29.6382,29.7807,29.9029,30.0088,30.1012,30.1824,30.2541,30.3173,30.3513
0,0,0,0,0,0,0,0,0,0,0,0,0,0,0,0,0,0,0,0,0,0,0,0,0,0,0,0,0,0,0,0,0,0,0,0,0,0,0,0,0,0,0,0,0.68871,1.51294,2.34063,3.17238,4.00867,4.84978,5.69588,6.54707,7.40338,8.26486,9.13154,10.0035,10.8806,11.7631,12.6509,13.5441,14.4426,15.3466,16.256,17.1709,18.0914,19.0174,19.9489,20.8862,21.829,22.7776,23.7319,24.6919,25.6577,26.6294,27.3664,27.9361,28.3842,28.7424,29.033,29.2719,29.4708,29.6382,29.7807,29.9029,30.0088,30.1012,30.1824,30.2541,30.3173,30.3513
0,0,0,0,0,0,0,0,0,0,0,0,0,0,0,0,0,0,0,0,0,0,0,0,0,0,0,0,0,0,0,0,0,0,0,0,0,0,0,0,0,0,0,0,0.691969,1.51469,2.34146,3.17272,4.00879,4.84982,5.69589,6.54707,7.40338,8.26486,9.13154,10.0035,10.8806,11.7631,12.6509,13.5441,14.4426,15.3466,16.256,17.1709,18.0914,19.0174,19.9489,20.8862,21.829,22.7776,23.7319,24.6919,25.6577,26.6294,27.3664,27.9361,28.3842,28.7424,29.033,29.2719,29.4708,29.6382,29.7807,29.9029,30.0088,30.1012,30.1824,30.2541,30.3173,30.3513
0,0,0,0,0,0,0,0,0,0,0,0,0,0,0,0,0,0,0,0,0,0,0,0,0,0,0,0,0,0,0,0,0,0,0,0,0,0,0,0,0,0,0,0,0.69371,1.51552,2.3418,3.17284,4.00883,4.84983,5.6959,6.54707,7.40338,8.26486,9.13154,10.0035,10.8806,11.7631,12.6509,13.5441,14.4426,15.3466,16.256,17.1709,18.0914,19.0174,19.9489,20.8862,21.829,22.7776,23.7319,24.6919,25.6577,26.6294,27.3664,27.9361,28.3842,28.7424,29.033,29.2719,29.4708,29.6382,29.7807,29.9029,30.0088,30.1012,30.1824,30.2541,30.3173,30.3513
0,0,0,0,0,0,0,0,0,0,0,0,0,0,0,0,0,0,0,0,0,0,0,0,0,0,0,0,0,0,0,0,0,0,0,0,0,0,0,0,0,0,0,0,0.69453,1.51585,2.34192,3.17288,4.00883,4.84983,5.6959,6.54707,7.40338,8.26486,9.13154,10.0035,10.8806,11.7631,12.6509,13.5441,14.4426,15.3466,16.256,17.1709,18.0914,19.0174,19.9489,20.8862,21.829,22.7776,23.7319,24.6919,25.6577,26.6294,27.3664,27.9361,28.3842,28.7424,29.033,29.2719,29.4708,29.6382,29.7807,29.9029,30.0088,30.1012,30.1824,30.2541,30.3173,30.3513
0,0,0,0,0,0,0,0,0,0,0,0,0,0,0,0,0,0,0,0,0,0,0,0,0,0,0,0,0,0,0,0,0,0,0,0,0,0,0,0,0,0,0,0,0.694866,1.51597,2.34195,3.17289,4.00884,4.84983,5.6959,6.54707,7.40338,8.26486,9.13154,10.0035,10.8806,11.7631,12.6509,13.5441,14.4426,15.3466,16.256,17.1709,18.0914,19.0174,19.9489,20.8862,21.829,22.7776,23.7319,24.6919,25.6577,26.6294,27.3664,27.9361,28.3842,28.7424,29.033,29.2719,29.4708,29.6382,29.7807,29.9029,30.0088,30.1012,30.1824,30.2541,30.3173,30.3513
0,0,0,0,0,0,0,0,0,0,0,0,0,0,0,0,0,0,0,0,0,0,0,0,0,0,0,0,0,0,0,0,0,0,0,0,0,0,0,0,0,0,0,0,0.694984,1.51601,2.34196,3.17289,4.00884,4.84983,5.6959,6.54707,7.40338,8.26486,9.13154,10.0035,10.8806,11.7631,12.6509,13.5441,14.4426,15.3466,16.256,17.1709,18.0914,19.0174,19.9489,20.8862,21.829,22.7776,23.7319,24.6919,25.6577,26.6294,27.3664,27.9361,28.3842,28.7424,29.033,29.2719,29.4708,29.6382,29.7807,29.9029,30.0088,30.1012,30.1824,30.2541,30.3173,30.3513
0,0,0,0,0,0,0,0,0,0,0,0,0,0,0,0,0,0,0,0,0,0,0,0,0,0,0,0,0,0,0,0,0,0,0,0,0,0,0,0,0,0,0,0,0.69502,1.51602,2.34196,3.17289,4.00884,4.84983,5.6959,6.54707,7.40338,8.26486,9.13154,10.0035,10.8806,11.7631,12.6509,13.5441,14.4426,15.3466,16.256,17.1709,18.0914,19.0174,19.9489,20.8862,21.829,22.7776,23.7319,24.6919,25.6577,26.6294,27.3664,27.9361,28.3842,28.7424,29.033,29.2719,29.4708,29.6382,29.7807,29.9029,30.0088,30.1012,30.1824,30.2541,30.3173,30.3513
0,0,0,0,0,0,0,0,0,0,0,0,0,0,0,0,0,0,0,0,0,0,0,0,0,0,0,0,0,0,0,0,0,0,0,0,0,0,0,0,0,0,0,0,0.695029,1.51602,2.34196,3.17289,4.00884,4.84983,5.6959,6.54707,7.40338,8.26486,9.13154,10.0035,10.8806,11.7631,12.6509,13.5441,14.4426,15.3466,16.256,17.1709,18.0914,19.0174,19.9489,20.8862,21.829,22.7776,23.7319,24.6919,25.6577,26.6294,27.3664,27.9361,28.3842,28.7424,29.033,29.2719,29.4708,29.6382,29.7807,29.9029,30.0088,30.1012,30.1824,30.2541,30.3173,30.3513
0,0,0,0,0,0,0,0,0,0,0,0,0,0,0,0,0,0,0,0,0,0,0,0,0,0,0,0,0,0,0,0,0,0,0,0,0,0,0,0,0,0,0,0,0.69503,1.51602,2.34196,3.17289,4.00884,4.84983,5.6959,6.54707,7.40338,8.26486,9.13154,10.0035,10.8806,11.7631,12.6509,13.5441,14.4426,15.3466,16.256,17.1709,18.0914,19.0174,19.9489,20.8862,21.829,22.7776,23.7319,24.6919,25.6577,26.6294,27.3664,27.9361,28.3842,28.7424,29.033,29.2719,29.4708,29.6382,29.7807,29.9029,30.0088,30.1012,30.1824,30.2541,30.3173,30.3513
0,0,0,0,0,0,0,0,0,0,0,0,0,0,0,0,0,0,0,0,0,0,0,0,0,0,0,0,0,0,0,0,0,0,0,0,0,0,0,0,0,0,0,0,0.695031,1.51602,2.34196,3.17289,4.00884,4.84983,5.6959,6.54707,7.40338,8.26486,9.13154,10.0035,10.8806,11.7631,12.6509,13.5441,14.4426,15.3466,16.256,17.1709,18.0914,19.0174,19.9489,20.8862,21.829,22.7776,23.7319,24.6919,25.6577,26.6294,27.3664,27.9361,28.3842,28.7424,29.033,29.2719,29.4708,29.6382,29.7807,29.9029,30.0088,30.1012,30.1824,30.2541,30.3173,30.3513
0,0,0,0,0,0,0,0,0,0,0,0,0,0,0,0,0,0,0,0,0,0,0,0,0,0,0,0,0,0,0,0,0,0,0,0,0,0,0,0,0,0,0,0,0.695031,1.51602,2.34196,3.17289,4.00884,4.84983,5.6959,6.54707,7.40338,8.26486,9.13154,10.0035,10.8806,11.7631,12.6509,13.5441,14.4426,15.3466,16.256,17.1709,18.0914,19.0174,19.9489,20.8862,21.829,22.7776,23.7319,24.6919,25.6577,26.6294,27.3664,27.9361,28.3842,28.7424,29.033,29.2719,29.4708,29.6382,29.7807,29.9029,30.0088,30.1012,30.1824,30.2541,30.3173,30.3513
0,0,0,0,0,0,0,0,0,0,0,0,0,0,0,0,0,0,0,0,0,0,0,0,0,0,0,0,0,0,0,0,0,0,0,0,0,0,0,0,0,0,0,0,0.695031,1.51602,2.34196,3.17289,4.00884,4.84983,5.6959,6.54707,7.40338,8.26486,9.13154,10.0035,10.8806,11.7631,12.6509,13.5441,14.4426,15.3466,16.256,17.1709,18.0914,19.0174,19.9489,20.8862,21.829,22.7776,23.7319,24.6919,25.6577,26.6294,27.3664,27.9361,28.3842,28.7424,29.033,29.2719,29.4708,29.6382,29.7807,29.9029,30.0088,30.1012,30.1824,30.2541,30.3173,30.3513
0,0,0,0,0,0,0,0,0,0,0,0,0,0,0,0,0,0,0,0,0,0,0,0,0,0,0,0,0,0,0,0,0,0,0,0,0,0,0,0,0,0,0,0,0.695031,1.51602,2.34196,3.17289,4.00884,4.84983,5.6959,6.54707,7.40338,8.26486,9.13154,10.0035,10.8806,11.7631,12.6509,13.5441,14.4426,15.3466,16.256,17.1709,18.0914,19.0174,19.9489,20.8862,21.829,22.7776,23.7319,24.6919,25.6577,26.6294,27.3664,27.9361,28.3842,28.7424,29.033,29.2719,29.4708,29.6382,29.7807,29.9029,30.0088,30.1012,30.1824,30.2541,30.3173,30.3513
0,0,0,0,0,0,0,0,0,0,0,0,0,0,0,0,0,0,0,0,0,0,0,0,0,0,0,0,0,0,0,0,0,0,0,0,0,0,0,0,0,0,0,0,0.695031,1.51602,2.34196,3.17289,4.00884,4.84983,5.6959,6.54707,7.40338,8.26486,9.13154,10.0035,10.8806,11.7631,12.6509,13.5441,14.4426,15.3466,16.256,17.1709,18.0914,19.0174,19.9489,20.8862,21.829,22.7776,23.7319,24.6919,25.6577,26.6294,27.3664,27.9361,28.3842,28.7424,29.033,29.2719,29.4708,29.6382,29.7807,29.9029,30.0088,30.1012,30.1824,30.2541,30.3173,30.3513
0,0,0,0,0,0,0,0,0,0,0,0,0,0,0,0,0,0,0,0,0,0,0,0,0,0,0,0,0,0,0,0,0,0,0,0,0,0,0,0,0,0,0,0,0.695031,1.51602,2.34196,3.17289,4.00884,4.84983,5.6959,6.54707,7.40338,8.26486,9.13154,10.0035,10.8806,11.7631,12.6509,13.5441,14.4426,15.3466,16.256,17.1709,18.0914,19.0174,19.9489,20.8862,21.829,22.7776,23.7319,24.6919,25.6577,26.6294,27.3664,27.9361,28.3842,28.7424,29.033,29.2719,29.4708,29.6382,29.7807,29.9029,30.0088,30.1012,30.1824,30.2541,30.3173,30.3513
0,0,0,0,0,0,0,0,0,0,0,0,0,0,0,0,0,0,0,0,0,0,0,0,0,0,0,0,0,0,0,0,0,0,0,0,0,0,0,0,0,0,0,0,0.695031,1.51602,2.34196,3.17289,4.00884,4.84983,5.6959,6.54707,7.40338,8.26486,9.13154,10.0035,10.8806,11.7631,12.6509,13.5441,14.4426,15.3466,16.256,17.1709,18.0914,19.0174,19.9489,20.8862,21.829,22.7776,23.7319,24.6919,25.6577,26.6294,27.3664,27.9361,28.3842,28.7424,29.033,29.2719,29.4708,29.6382,29.7807,29.9029,30.0088,30.1012,30.1824,30.2541,30.3173,30.3513
0,0,0,0,0,0,0,0,0,0,0,0,0,0,0,0,0,0,0,0,0,0,0,0,0,0,0,0,0,0,0,0,0,0,0,0,0,0,0,0,0,0,0,0,0.695031,1.51602,2.34196,3.17289,4.00884,4.84983,5.6959,6.54707,7.40338,8.26486,9.13154,10.0035,10.8806,11.7631,12.6509,13.5441,14.4426,15.3466,16.256,17.1709,18.0914,19.0174,19.9489,20.8862,21.829,22.7776,23.7319,24.6919,25.6577,26.6294,27.3664,27.9361,28.3842,28.7424,29.033,29.2719,29.4708,29.6382,29.7807,29.9029,30.0088,30.1012,30.1824,30.2541,30.3173,30.3513
0,0,0,0,0,0,0,0,0,0,0,0,0,0,0,0,0,0,0,0,0,0,0,0,0,0,0,0,0,0,0,0,0,0,0,0,0,0,0,0,0,0,0,0,0.695031,1.51602,2.34196,3.17289,4.00884,4.84983,5.6959,6.54707,7.40338,8.26486,9.13154,10.0035,10.8806,11.7631,12.6509,13.5441,14.4426,15.3466,16.256,17.1709,18.0914,19.0174,19.9489,20.8862,21.829,22.7776,23.7319,24.6919,25.6577,26.6294,27.3664,27.9361,28.3842,28.7424,29.033,29.2719,29.4708,29.6382,29.7807,29.9029,30.0088,30.1012,30.1824,30.2541,30.3173,30.3513
0,0,0,0,0,0,0,0,0,0,0,0,0,0,0,0,0,0,0,0,0,0,0,0,0,0,0,0,0,0,0,0,0,0,0,0,0,0,0,0,0,0,0,0,0.695031,1.51602,2.34196,3.17289,4.00884,4.84983,5.6959,6.54707,7.40338,8.26486,9.13154,10.0035,10.8806,11.7631,12.6509,13.5441,14.4426,15.3466,16.256,17.1709,18.0914,19.0174,19.9489,20.8862,21.829,22.7776,23.7319,24.6919,25.6577,26.6294,27.3664,27.9361,28.3842,28.7424,29.033,29.2719,29.4708,29.6382,29.7807,29.9029,30.0088,30.1012,30.1824,30.2541,30.3173,30.3513
0,0,0,0,0,0,0,0,0,0,0,0,0,0,0,0,0,0,0,0,0,0,0,0,0,0,0,0,0,0,0,0,0,0,0,0,0,0,0,0,0,0,0,0,0.695031,1.51602,2.34196,3.17289,4.00884,4.84983,5.6959,6.54707,7.40338,8.26486,9.13154,10.0035,10.8806,11.7631,12.6509,13.5441,14.4426,15.3466,16.256,17.1709,18.0914,19.0174,19.9489,20.8862,21.829,22.7776,23.7319,24.6919,25.6577,26.6294,27.3664,27.9361,28.3842,28.7424,29.033,29.2719,29.4708,29.6382,29.7807,29.9029,30.0088,30.1012,30.1824,30.2541,30.3173,30.3513
0,0,0,0,0,0,0,0,0,0,0,0,0,0,0,0,0,0,0,0,0,0,0,0,0,0,0,0,0,0,0,0,0,0,0,0,0,0,0,0,0,0,0,0,0.695031,1.51602,2.34196,3.17289,4.00884,4.84983,5.6959,6.54707,7.40338,8.26486,9.13154,10.0035,10.8806,11.7631,12.6509,13.5441,14.4426,15.3466,16.256,17.1709,18.0914,19.0174,19.9489,20.8862,21.829,22.7776,23.7319,24.6919,25.6577,26.6294,27.3664,27.9361,28.3842,28.7424,29.033,29.2719,29.4708,29.6382,29.7807,29.9029,30.0088,30.1012,30.1824,30.2541,30.3173,30.3513
0,0,0,0,0,0,0,0,0,0,0,0,0,0,0,0,0,0,0,0,0,0,0,0,0,0,0,0,0,0,0,0,0,0,0,0,0,0,0,0,0,0,0,0,0.695031,1.51602,2.34196,3.17289,4.00884,4.84983,5.6959,6.54707,7.40338,8.26486,9.13154,10.0035,10.8806,11.7631,12.6509,13.5441,14.4426,15.3466,16.256,17.1709,18.0914,19.0174,19.9489,20.8862,21.829,22.7776,23.7319,24.6919,25.6577,26.6294,27.3664,27.9361,28.3842,28.7424,29.033,29.2719,29.4708,29.6382,29.7807,29.9029,30.0088,30.1012,30.1824,30.2541,30.3173,30.3513
0,0,0,0,0,0,0,0,0,0,0,0,0,0,0,0,0,0,0,0,0,0,0,0,0,0,0,0,0,0,0,0,0,0,0,0,0,0,0,0,0,0,0,0,0.695031,1.51602,2.34196,3.17289,4.00884,4.84983,5.6959,6.54707,7.40338,8.26486,9.13154,10.0035,10.8806,11.7631,12.6509,13.5441,14.4426,15.3466,16.256,17.1709,18.0914,19.0174,19.9489,20.8862,21.829,22.7776,23.7319,24.6919,25.6577,26.6294,27.3664,27.9361,28.3842,28.7424,29.033,29.2719,29.4708,29.6382,29.7807,29.9029,30.0088,30.1012,30.1824,30.2541,30.3173,30.3513
0,0,0,0,0,0,0,0,0,0,0,0,0,0,0,0,0,0,0,0,0,0,0,0,0,0,0,0,0,0,0,0,0,0,0,0,0,0,0,0,0,0,0,0,0.695031,1.51602,2.34196,3.17289,4.00884,4.84983,5.6959,6.54707,7.40338,8.26486,9.13154,10.0035,10.8806,11.7631,12.6509,13.5441,14.4426,15.3466,16.256,17.1709,18.0914,19.0174,19.9489,20.8862,21.829,22.7776,23.7319,24.6919,25.6577,26.6294,27.3664,27.9361,28.3842,28.7424,29.033,29.2719,29.4708,29.6382,29.7807,29.9029,30.0088,30.1012,30.1824,30.2541,30.3173,30.3513
0,0,0,0,0,0,0,0,0,0,0,0,0,0,0,0,0,0,0,0,0,0,0,0,0,0,0,0,0,0,0,0,0,0,0,0,0,0,0,0,0,0,0,0,0.695031,1.51602,2.34196,3.17289,4.00884,4.84983,5.6959,6.54707,7.40338,8.26486,9.13154,10.0035,10.8806,11.7631,12.6509,13.5441,14.4426,15.3466,16.256,17.1709,18.0914,19.0174,19.9489,20.8862,21.829,22.7776,23.7319,24.6919,25.6577,26.6294,27.3664,27.9361,28.3842,28.7424,29.033,29.2719,29.4708,29.6382,29.7807,29.9029,30.0088,30.1012,30.1824,30.2541,30.3173,30.3513
0,0,0,0,0,0,0,0,0,0,0,0,0,0,0,0,0,0,0,0,0,0,0,0,0,0,0,0,0,0,0,0,0,0,0,0,0,0,0,0,0,0,0,0,0.695031,1.51602,2.34196,3.17289,4.00884,4.84983,5.6959,6.54707,7.40338,8.26486,9.13154,10.0035,10.8806,11.7631,12.6509,13.5441,14.4426,15.3466,16.256,17.1709,18.0914,19.0174,19.9489,20.8862,21.829,22.7776,23.7319,24.6919,25.6577,26.6294,27.3664,27.9361,28.3842,28.7424,29.033,29.2719,29.4708,29.6382,29.7807,29.9029,30.0088,30.1012,30.1824,30.2541,30.3173,30.3513
0,0,0,0,0,0,0,0,0,0,0,0,0,0,0,0,0,0,0,0,0,0,0,0,0,0,0,0,0,0,0,0,0,0,0,0,0,0,0,0,0,0,0,0,0.695031,1.51602,2.34196,3.17289,4.00884,4.84983,5.6959,6.54707,7.40338,8.26486,9.13154,10.0035,10.8806,11.7631,12.6509,13.5441,14.4426,15.3466,16.256,17.1709,18.0914,19.0174,19.9489,20.8862,21.829,22.7776,23.7319,24.6919,25.6577,26.6294,27.3664,27.9361,28.3842,28.7424,29.033,29.2719,29.4708,29.6382,29.7807,29.9029,30.0088,30.1012,30.1824,30.2541,30.3173,30.3513
0,0,0,0,0,0,0,0,0,0,0,0,0,0,0,0,0,0,0,0,0,0,0,0,0,0,0,0,0,0,0,0,0,0,0,0,0,0,0,0,0,0,0,0,0.695031,1.51602,2.34196,3.17289,4.00884,4.84983,5.6959,6.54707,7.40338,8.26486,9.13154,10.0035,10.8806,11.7631,12.6509,13.5441,14.4426,15.3466,16.256,17.1709,18.0914,19.0174,19.9489,20.8862,21.829,22.7776,23.7319,24.6919,25.6577,26.6294,27.3664,27.9361,28.3842,28.7424,29.033,29.2719,29.4708,29.6382,29.7807,29.9029,30.0088,30.1012,30.1824,30.2541,30.3173,30.3513
0,0,0,0,0,0,0,0,0,0,0,0,0,0,0,0,0,0,0,0,0,0,0,0,0,0,0,0,0,0,0,0,0,0,0,0,0,0,0,0,0,0,0,0,0.695031,1.51602,2.34196,3.17289,4.00884,4.84983,5.6959,6.54707,7.40338,8.26486,9.13154,10.0035,10.8806,11.7631,12.6509,13.5441,14.4426,15.3466,16.256,17.1709,18.0914,19.0174,19.9489,20.8862,21.829,22.7776,23.7319,24.6919,25.6577,26.6294,27.3664,27.9361,28.3842,28.7424,29.033,29.2719,29.4708,29.6382,29.7807,29.9029,30.0088,30.1012,30.1824,30.2541,30.3173,30.3513
0,0,0,0,0,0,0,0,0,0,0,0,0,0,0,0,0,0,0,0,0,0,0,0,0,0,0,0,0,0,0,0,0,0,0,0,0,0,0,0,0,0,0,0,0.695031,1.51602,2.34196,3.17289,4.00884,4.84983,5.6959,6.54707,7.40338,8.26486,9.13154,10.0035,10.8806,11.7631,12.6509,13.5441,14.4426,15.3466,16.256,17.1709,18.0914,19.0174,19.9489,20.8862,21.829,22.7776,23.7319,24.6919,25.6577,26.6294,27.3664,27.9361,28.3842,28.7424,29.033,29.2719,29.4708,29.6382,29.7807,29.9029,30.0088,30.1012,30.1824,30.2541,30.3173,30.3513
0,0,0,0,0,0,0,0,0,0,0,0,0,0,0,0,0,0,0,0,0,0,0,0,0,0,0,0,0,0,0,0,0,0,0,0,0,0,0,0,0,0,0,0,0.695031,1.51602,2.34196,3.17289,4.00884,4.84983,5.6959,6.54707,7.40338,8.26486,9.13154,10.0035,10.8806,11.7631,12.6509,13.5441,14.4426,15.3466,16.256,17.1709,18.0914,19.0174,19.9489,20.8862,21.829,22.7776,23.7319,24.6919,25.6577,26.6294,27.3664,27.9361,28.3842,28.7424,29.033,29.2719,29.4708,29.6382,29.7807,29.9029,30.0088,30.1012,30.1824,30.2541,30.3173,30.3513
0,0,0,0,0,0,0,0,0,0,0,0,0,0,0,0,0,0,0,0,0,0,0,0,0,0,0,0,0,0,0,0,0,0,0,0,0,0,0,0,0,0,0,0,0.695031,1.51602,2.34196,3.17289,4.00884,4.84983,5.6959,6.54707,7.40338,8.26486,9.13154,10.0035,10.8806,11.7631,12.6509,13.5441,14.4426,15.3466,16.256,17.1709,18.0914,19.0174,19.9489,20.8862,21.829,22.7776,23.7319,24.6919,25.6577,26.6294,27.3664,27.9361,28.3842,28.7424,29.033,29.2719,29.4708,29.6382,29.7807,29.9029,30.0088,30.1012,30.1824,30.2541,30.3173,30.3513
0,0,0,0,0,0,0,0,0,0,0,0,0,0,0,0,0,0,0,0,0,0,0,0,0,0,0,0,0,0,0,0,0,0,0,0,0,0,0,0,0,0,0,0,0.695031,1.51602,2.34196,3.17289,4.00884,4.84983,5.6959,6.54707,7.40338,8.26486,9.13154,10.0035,10.8806,11.7631,12.6509,13.5441,14.4426,15.3466,16.256,17.1709,18.0914,19.0174,19.9489,20.8862,21.829,22.7776,23.7319,24.6919,25.6577,26.6294,27.3664,27.9361,28.3842,28.7424,29.033,29.2719,29.4708,29.6382,29.7807,29.9029,30.0088,30.1012,30.1824,30.2541,30.3173,30.3513
0,0,0,0,0,0,0,0,0,0,0,0,0,0,0,0,0,0,0,0,0,0,0,0,0,0,0,0,0,0,0,0,0,0,0,0,0,0,0,0,0,0,0,0,0.695031,1.51602,2.34196,3.17289,4.00884,4.84983,5.6959,6.54707,7.40338,8.26486,9.13154,10.0035,10.8806,11.7631,12.6509,13.5441,14.4426,15.3466,16.256,17.1709,18.0914,19.0174,19.9489,20.8862,21.829,22.7776,23.7319,24.6919,25.6577,26.6294,27.3664,27.9361,28.3842,28.7424,29.033,29.2719,29.4708,29.6382,29.7807,29.9029,30.0088,30.1012,30.1824,30.2541,30.3173,30.3513
0,0,0,0,0,0,0,0,0,0,0,0,0,0,0,0,0,0,0,0,0,0,0,0,0,0,0,0,0,0,0,0,0,0,0,0,0,0,0,0,0,0,0,0,0.695031,1.51602,2.34196,3.17289,4.00884,4.84983,5.6959,6.54707,7.40338,8.26486,9.13154,10.0035,10.8806,11.7631,12.6509,13.5441,14.4426,15.3466,16.256,17.1709,18.0914,19.0174,19.9489,20.8862,21.829,22.7776,23.7319,24.6919,25.6577,26.6294,27.3664,27.9361,28.3842,28.7424,29.033,29.2719,29.4708,29.6382,29.7807,29.9029,30.0088,30.1012,30.1824,30.2541,30.3173,30.3513
0,0,0,0,0,0,0,0,0,0,0,0,0,0,0,0,0,0,0,0,0,0,0,0,0,0,0,0,0,0,0,0,0,0,0,0,0,0,0,0,0,0,0,0,0.695031,1.51602,2.34196,3.17289,4.00884,4.84983,5.6959,6.54707,7.40338,8.26486,9.13154,10.0035,10.8806,11.7631,12.6509,13.5441,14.4426,15.3466,16.256,17.1709,18.0914,19.0174,19.9489,20.8862,21.829,22.7776,23.7319,24.6919,25.6577,26.6294,27.3664,27.9361,28.3842,28.7424,29.033,29.2719,29.4708,29.6382,29.7807,29.9029,30.0088,30.1012,30.1824,30.2541,30.3173,30.3513
0,0,0,0,0,0,0,0,0,0,0,0,0,0,0,0,0,0,0,0,0,0,0,0,0,0,0,0,0,0,0,0,0,0,0,0,0,0,0,0,0,0,0,0,0.695031,1.51602,2.34196,3.17289,4.00884,4.84983,5.6959,6.54707,7.40338,8.26486,9.13154,10.0035,10.8806,11.7631,12.6509,13.5441,14.4426,15.3466,16.256,17.1709,18.0914,19.0174,19.9489,20.8862,21.829,22.7776,23.7319,24.6919,25.6577,26.6294,27.3664,27.9361,28.3842,28.7424,29.033,29.2719,29.4708,29.6382,29.7807,29.9029,30.0088,30.1012,30.1824,30.2541,30.3173,30.3513
0,0,0,0,0,0,0,0,0,0,0,0,0,0,0,0,0,0,0,0,0,0,0,0,0,0,0,0,0,0,0,0,0,0,0,0,0,0,0,0,0,0,0,0,0.695031,1.51602,2.34196,3.17289,4.00884,4.84983,5.6959,6.54707,7.40338,8.26486,9.13154,10.0035,10.8806,11.7631,12.6509,13.5441,14.4426,15.3466,16.256,17.1709,18.0914,19.0174,19.9489,20.8862,21.829,22.7776,23.7319,24.6919,25.6577,26.6294,27.3664,27.9361,28.3842,28.7424,29.033,29.2719,29.4708,29.6382,29.7807,29.9029,30.0088,30.1012,30.1824,30.2541,30.3173,30.3513
0,0,0,0,0,0,0,0,0,0,0,0,0,0,0,0,0,0,0,0,0,0,0,0,0,0,0,0,0,0,0,0,0,0,0,0,0,0,0,0,0,0,0,0,0.695031,1.51602,2.34196,3.17289,4.00884,4.84983,5.6959,6.54707,7.40338,8.26486,9.13154,10.0035,10.8806,11.7631,12.6509,13.5441,14.4426,15.3466,16.256,17.1709,18.0914,19.0174,19.9489,20.8862,21.829,22.7776,23.7319,24.6919,25.6577,26.6294,27.3664,27.9361,28.3842,28.7424,29.033,29.2719,29.4708,29.6382,29.7807,29.9029,30.0088,30.1012,30.1824,30.2541,30.3173,30.3513
0,0,0,0,0,0,0,0,0,0,0,0,0,0,0,0,0,0,0,0,0,0,0,0,0,0,0,0,0,0,0,0,0,0,0,0,0,0,0,0,0,0,0,0,0.695031,1.51602,2.34196,3.17289,4.00884,4.84983,5.6959,6.54707,7.40338,8.26486,9.13154,10.0035,10.8806,11.7631,12.6509,13.5441,14.4426,15.3466,16.256,17.1709,18.0914,19.0174,19.9489,20.8862,21.829,22.7776,23.7319,24.6919,25.6577,26.6294,27.3664,27.9361,28.3842,28.7424,29.033,29.2719,29.4708,29.6382,29.7807,29.9029,30.0088,30.1012,30.1824,30.2541,30.3173,30.3513
0,0,0,0,0,0,0,0,0,0,0,0,0,0,0,0,0,0,0,0,0,0,0,0,0,0,0,0,0,0,0,0,0,0,0,0,0,0,0,0,0,0,0,0,0.695031,1.51602,2.34196,3.17289,4.00884,4.84983,5.6959,6.54707,7.40338,8.26486,9.13154,10.0035,10.8806,11.7631,12.6509,13.5441,14.4426,15.3466,16.256,17.1709,18.0914,19.0174,19.9489,20.8862,21.829,22.7776,23.7319,24.6919,25.6577,26.6294,27.3664,27.9361,28.3842,28.7424,29.033,29.2719,29.4708,29.6382,29.7807,29.9029,30.0088,30.1012,30.1824,30.2541,30.3173,30.3513
0,0,0,0,0,0,0,0,0,0,0,0,0,0,0,0,0,0,0,0,0,0,0,0,0,0,0,0,0,0,0,0,0,0,0,0,0,0,0,0,0,0,0,0,0.695031,1.51602,2.34196,3.17289,4.00884,4.84983,5.6959,6.54707,7.40338,8.26486,9.13154,10.0035,10.8806,11.7631,12.6509,13.5441,14.4426,15.3466,16.256,17.1709,18.0914,19.0174,19.9489,20.8862,21.829,22.7776,23.7319,24.6919,25.6577,26.6294,27.3664,27.9361,28.3842,28.7424,29.033,29.2719,29.4708,29.6382,29.7807,29.9029,30.0088,30.1012,30.1824,30.2541,30.3173,30.3513
0,0,0,0,0,0,0,0,0,0,0,0,0,0,0,0,0,0,0,0,0,0,0,0,0,0,0,0,0,0,0,0,0,0,0,0,0,0,0,0,0,0,0,0,0.695031,1.51602,2.34196,3.17289,4.00884,4.84983,5.6959,6.54707,7.40338,8.26486,9.13154,10.0035,10.8806,11.7631,12.6509,13.5441,14.4426,15.3466,16.256,17.1709,18.0914,19.0174,19.9489,20.8862,21.829,22.7776,23.7319,24.6919,25.6577,26.6294,27.3664,27.9361,28.3842,28.7424,29.033,29.2719,29.4708,29.6382,29.7807,29.9029,30.0088,30.1012,30.1824,30.2541,30.3173,30.3513
0,0,0,0,0,0,0,0,0,0,0,0,0,0,0,0,0,0,0,0,0,0,0,0,0,0,0,0,0,0,0,0,0,0,0,0,0,0,0,0,0,0,0,0,0.695031,1.51602,2.34196,3.17289,4.00884,4.84983,5.6959,6.54707,7.40338,8.26486,9.13154,10.0035,10.8806,11.7631,12.6509,13.5441,14.4426,15.3466,16.256,17.1709,18.0914,19.0174,19.9489,20.8862,21.829,22.7776,23.7319,24.6919,25.6577,26.6294,27.3664,27.9361,28.3842,28.7424,29.033,29.2719,29.4708,29.6382,29.7807,29.9029,30.0088,30.1012,30.1824,30.2541,30.3173,30.3513
0,0,0,0,0,0,0,0,0,0,0,0,0,0,0,0,0,0,0,0,0,0,0,0,0,0,0,0,0,0,0,0,0,0,0,0,0,0,0,0,0,0,0,0,0.695031,1.51602,2.34196,3.17289,4.00884,4.84983,5.6959,6.54707,7.40338,8.26486,9.13154,10.0035,10.8806,11.7631,12.6509,13.5441,14.4426,15.3466,16.256,17.1709,18.0914,19.0174,19.9489,20.8862,21.829,22.7776,23.7319,24.6919,25.6577,26.6294,27.3664,27.9361,28.3842,28.7424,29.033,29.2719,29.4708,29.6382,29.7807,29.9029,30.0088,30.1012,30.1824,30.2541,30.3173,30.3513
0,0,0,0,0,0,0,0,0,0,0,0,0,0,0,0,0,0,0,0,0,0,0,0,0,0,0,0,0,0,0,0,0,0,0,0,0,0,0,0,0,0,0,0,0.695031,1.51602,2.34196,3.17289,4.00884,4.84983,5.6959,6.54707,7.40338,8.26486,9.13154,10.0035,10.8806,11.7631,12.6509,13.5441,14.4426,15.3466,16.256,17.1709,18.0914,19.0174,19.9489,20.8862,21.829,22.7776,23.7319,24.6919,25.6577,26.6294,27.3664,27.9361,28.3842,28.7424,29.033,29.2719,29.4708,29.6382,29.7807,29.9029,30.0088,30.1012,30.1824,30.2541,30.3173,30.3513
0,0,0,0,0,0,0,0,0,0,0,0,0,0,0,0,0,0,0,0,0,0,0,0,0,0,0,0,0,0,0,0,0,0,0,0,0,0,0,0,0,0,0,0,0.695031,1.51602,2.34196,3.17289,4.00884,4.84983,5.6959,6.54707,7.40338,8.26486,9.13154,10.0035,10.8806,11.7631,12.6509,13.5441,14.4426,15.3466,16.256,17.1709,18.0914,19.0174,19.9489,20.8862,21.829,22.7776,23.7319,24.6919,25.6577,26.6294,27.3664,27.9361,28.3842,28.7424,29.033,29.2719,29.4708,29.6382,29.7807,29.9029,30.0088,30.1012,30.1824,30.2541,30.3173,30.3513
0,0,0,0,0,0,0,0,0,0,0,0,0,0,0,0,0,0,0,0,0,0,0,0,0,0,0,0,0,0,0,0,0,0,0,0,0,0,0,0,0,0,0,0,0.695031,1.51602,2.34196,3.17289,4.00884,4.84983,5.6959,6.54707,7.40338,8.26486,9.13154,10.0035,10.8806,11.7631,12.6509,13.5441,14.4426,15.3466,16.256,17.1709,18.0914,19.0174,19.9489,20.8862,21.829,22.7776,23.7319,24.6919,25.6577,26.6294,27.3664,27.9361,28.3842,28.7424,29.033,29.2719,29.4708,29.6382,29.7807,29.9029,30.0088,30.1012,30.1824,30.2541,30.3173,30.3513
0,0,0,0,0,0,0,0,0,0,0,0,0,0,0,0,0,0,0,0,0,0,0,0,0,0,0,0,0,0,0,0,0,0,0,0,0,0,0,0,0,0,0,0,0.695031,1.51602,2.34196,3.17289,4.00884,4.84983,5.6959,6.54707,7.40338,8.26486,9.13154,10.0035,10.8806,11.7631,12.6509,13.5441,14.4426,15.3466,16.256,17.1709,18.0914,19.0174,19.9489,20.8862,21.829,22.7776,23.7319,24.6919,25.6577,26.6294,27.3664,27.9361,28.3842,28.7424,29.033,29.2719,29.4708,29.6382,29.7807,29.9029,30.0088,30.1012,30.1824,30.2541,30.3173,30.3513
0,0,0,0,0,0,0,0,0,0,0,0,0,0,0,0,0,0,0,0,0,0,0,0,0,0,0,0,0,0,0,0,0,0,0,0,0,0,0,0,0,0,0,0,0.695031,1.51602,2.34196,3.17289,4.00884,4.84983,5.6959,6.54707,7.40338,8.26486,9.13154,10.0035,10.8806,11.7631,12.6509,13.5441,14.4426,15.3466,16.256,17.1709,18.0914,19.0174,19.9489,20.8862,21.829,22.7776,23.7319,24.6919,25.6577,26.6294,27.3664,27.9361,28.3842,28.7424,29.033,29.2719,29.4708,29.6382,29.7807,29.9029,30.0088,30.1012,30.1824,30.2541,30.3173,30.3513
0,0,0,0,0,0,0,0,0,0,0,0,0,0,0,0,0,0,0,0,0,0,0,0,0,0,0,0,0,0,0,0,0,0,0,0,0,0,0,0,0,0,0,0,0.695031,1.51602,2.34196,3.17289,4.00884,4.84983,5.6959,6.54707,7.40338,8.26486,9.13154,10.0035,10.8806,11.7631,12.6509,13.5441,14.4426,15.3466,16.256,17.1709,18.0914,19.0174,19.9489,20.8862,21.829,22.7776,23.7319,24.6919,25.6577,26.6294,27.3664,27.9361,28.3842,28.7424,29.033,29.2719,29.4708,29.6382,29.7807,29.9029,30.0088,30.1012,30.1824,30.2541,30.3173,30.3513
0,0,0,0,0,0,0,0,0,0,0,0,0,0,0,0,0,0,0,0,0,0,0,0,0,0,0,0,0,0,0,0,0,0,0,0,0,0,0,0,0,0,0,0,0.695031,1.51602,2.34196,3.17289,4.00884,4.84983,5.6959,6.54707,7.40338,8.26486,9.13154,10.0035,10.8806,11.7631,12.6509,13.5441,14.4426,15.3466,16.256,17.1709,18.0914,19.0174,19.9489,20.8862,21.829,22.7776,23.7319,24.6919,25.6577,26.6294,27.3664,27.9361,28.3842,28.7424,29.033,29.2719,29.4708,29.6382,29.7807,29.9029,30.0088,30.1012,30.1824,30.2541,30.3173,30.3513
0,0,0,0,0,0,0,0,0,0,0,0,0,0,0,0,0,0,0,0,0,0,0,0,0,0,0,0,0,0,0,0,0,0,0,0,0,0,0,0,0,0,0,0,0.695031,1.51602,2.34196,3.17289,4.00884,4.84983,5.6959,6.54707,7.40338,8.26486,9.13154,10.0035,10.8806,11.7631,12.6509,13.5441,14.4426,15.3466,16.256,17.1709,18.0914,19.0174,19.9489,20.8862,21.829,22.7776,23.7319,24.6919,25.6577,26.6294,27.3664,27.9361,28.3842,28.7424,29.033,29.2719,29.4708,29.6382,29.7807,29.9029,30.0088,30.1012,30.1824,30.2541,30.3173,30.3513
0,0,0,0,0,0,0,0,0,0,0,0,0,0,0,0,0,0,0,0,0,0,0,0,0,0,0,0,0,0,0,0,0,0,0,0,0,0,0,0,0,0,0,0,0.695031,1.51602,2.34196,3.17289,4.00884,4.84983,5.6959,6.54707,7.40338,8.26486,9.13154,10.0035,10.8806,11.7631,12.6509,13.5441,14.4426,15.3466,16.256,17.1709,18.0914,19.0174,19.9489,20.8862,21.829,22.7776,23.7319,24.6919,25.6577,26.6294,27.3664,27.9361,28.3842,28.7424,29.033,29.2719,29.4708,29.6382,29.7807,29.9029,30.0088,30.1012,30.1824,30.2541,30.3173,30.3513
0,0,0,0,0,0,0,0,0,0,0,0,0,0,0,0,0,0,0,0,0,0,0,0,0,0,0,0,0,0,0,0,0,0,0,0,0,0,0,0,0,0,0,0,0.695031,1.51602,2.34196,3.17289,4.00884,4.84983,5.6959,6.54707,7.40338,8.26486,9.13154,10.0035,10.8806,11.7631,12.6509,13.5441,14.4426,15.3466,16.256,17.1709,18.0914,19.0174,19.9489,20.8862,21.829,22.7776,23.7319,24.6919,25.6577,26.6294,27.3664,27.9361,28.3842,28.7424,29.033,29.2719,29.4708,29.6382,29.7807,29.9029,30.0088,30.1012,30.1824,30.2541,30.3173,30.3513
0,0,0,0,0,0,0,0,0,0,0,0,0,0,0,0,0,0,0,0,0,0,0,0,0,0,0,0,0,0,0,0,0,0,0,0,0,0,0,0,0,0,0,0,0.695031,1.51602,2.34196,3.17289,4.00884,4.84983,5.6959,6.54707,7.40338,8.26486,9.13154,10.0035,10.8806,11.7631,12.6509,13.5441,14.4426,15.3466,16.256,17.1709,18.0914,19.0174,19.9489,20.8862,21.829,22.7776,23.7319,24.6919,25.6577,26.6294,27.3664,27.9361,28.3842,28.7424,29.033,29.2719,29.4708,29.6382,29.7807,29.9029,30.0088,30.1012,30.1824,30.2541,30.3173,30.3513
0,0,0,0,0,0,0,0,0,0,0,0,0,0,0,0,0,0,0,0,0,0,0,0,0,0,0,0,0,0,0,0,0,0,0,0,0,0,0,0,0,0,0,0,0.695031,1.51602,2.34196,3.17289,4.00884,4.84983,5.6959,6.54707,7.40338,8.26486,9.13154,10.0035,10.8806,11.7631,12.6509,13.5441,14.4426,15.3466,16.256,17.1709,18.0914,19.0174,19.9489,20.8862,21.829,22.7776,23.7319,24.6919,25.6577,26.6294,27.3664,27.9361,28.3842,28.7424,29.033,29.2719,29.4708,29.6382,29.7807,29.9029,30.0088,30.1012,30.1824,30.2541,30.3173,30.3513
0,0,0,0,0,0,0,0,0,0,0,0,0,0,0,0,0,0,0,0,0,0,0,0,0,0,0,0,0,0,0,0,0,0,0,0,0,0,0,0,0,0,0,0,0.695031,1.51602,2.34196,3.17289,4.00884,4.84983,5.6959,6.54707,7.40338,8.26486,9.13154,10.0035,10.8806,11.7631,12.6509,13.5441,14.4426,15.3466,16.256,17.1709,18.0914,19.0174,19.9489,20.8862,21.829,22.7776,23.7319,24.6919,25.6577,26.6294,27.3664,27.9361,28.3842,28.7424,29.033,29.2719,29.4708,29.6382,29.7807,29.9029,30.0088,30.1012,30.1824,30.2541,30.3173,30.3513
0,0,0,0,0,0,0,0,0,0,0,0,0,0,0,0,0,0,0,0,0,0,0,0,0,0,0,0,0,0,0,0,0,0,0,0,0,0,0,0,0,0,0,0,0.695031,1.51602,2.34196,3.17289,4.00884,4.84983,5.6959,6.54707,7.40338,8.26486,9.13154,10.0035,10.8806,11.7631,12.6509,13.5441,14.4426,15.3466,16.256,17.1709,18.0914,19.0174,19.9489,20.8862,21.829,22.7776,23.7319,24.6919,25.6577,26.6294,27.3664,27.9361,28.3842,28.7424,29.033,29.2719,29.4708,29.6382,29.7807,29.9029,30.0088,30.1012,30.1824,30.2541,30.3173,30.3513
