0,0,0,0,0,0,0,0,0,0,0,0,0,0,0,0,0,0,0,0,0,0,0,0,0,0,0,0,0,0,0,0,0,0,0,0,0,0,0,0,0,0,0,0,0,0,0,0,0,0,0,0,0,0,0,0,0,0,0,0,0,0,0,0,0,0,0,0,0,0,0,0,0,2.102,4.922,7.742,10.562,13.382,16.202,19.022,21.842,24.662,27.482,30.302,33.122,35.942,38.762,41.582,44.402,46
0,0,0,0,0,0,0,0,0,0,0,0,0,0,0,0,0,0,0,0,0,0,0,0,0,0,0,0,0,0,0,0,0,0,0,0,0,0,0,0,0,0,0,0,0,0,0,0,0,0,0,0,0,0,0,0,0,0,0,0,0,0,0,0,0,0,0,0,0,0,0,0,1.37139,6.69915,11.6885,16.3395,20.652,24.6262,28.2619,31.5593,34.5183,37.1388,39.421,41.3647,42.9701,44.2371,45.1656,45.7558,45.966,46
0,0,0,0,0,0,0,0,0,0,0,0,0,0,0,0,0,0,0,0,0,0,0,0,0,0,0,0,0,0,0,0,0,0,0,0,0,0,0,0,0,0,0,0,0,0,0,0,0,0,0,0,0,0,0,0,0,0,0,0,0,0,0,0,0,0,0,0,0,0,0,0.64516,5.94095,13.0191,19.2027,24.5528,29.1301,32.9958,36.2106,38.8355,40.9314,42.5591,43.7797,44.654,45.243,45.6074,45.8084,45.9028,45.966,46
0,0,0,0,0,0,0,0,0,0,0,0,0,0,0,0,0,0,0,0,0,0,0,0,0,0,0,0,0,0,0,0,0,0,0,0,0,0,0,0,0,0,0,0,0,0,0,0,0,0,0,0,0,0,0,0,0,0,0,0,0,0,0,0,0,0,0,0,0,0,0,5.18731,12.223,20.0373,26.3811,31.4539,35.4408,38.5122,40.8237,42.5166,43.7174,44.538,45.0757,45.4131,45.6184,45.745,45.831,45.9028,45.966,46
0,0,0,0,0,0,0,0,0,0,0,0,0,0,0,0,0,0,0,0,0,0,0,0,0,0,0,0,0,0,0,0,0,0,0,0,0,0,0,0,0,0,0,0,0,0,0,0,0,0,0,0,0,0,0,0,0,0,0,0,0,0,0,0,0,0,0,0,0,0,4.43818,11.4316,19.1991,26.742,32.4127,36.5908,39.6002,41.7136,43.1575,44.1158,44.7345,45.1264,45.3748,45.5386,45.6561,45.7498,45.831,45.9028,45.966,46
0,0,0,0,0,0,0,0,0,0,0,0,0,0,0,0,0,0,0,0,0,0,0,0,0,0,0,0,0,0,0,0,0,0,0,0,0,0,0,0,0,0,0,0,0,0,0,0,0,0,0,0,0,0,0,0,0,0,0,0,0,0,0,0,0,0,0,0,0,3.69355,10.645,18.3659,25.8635,32.3755,36.9024,39.9765,42.0141,43.3333,44.1714,44.6996,45.0369,45.2622,45.4242,45.5511,45.6575,45.7498,45.831,45.9028,45.966,46
0,0,0,0,0,0,0,0,0,0,0,0,0,0,0,0,0,0,0,0,0,0,0,0,0,0,0,0,0,0,0,0,0,0,0,0,0,0,0,0,0,0,0,0,0,0,0,0,0,0,0,0,0,0,0,0,0,0,0,0,0,0,0,0,0,0,0,0,2.95339,9.86315,17.5377,24.9903,31.4632,36.5688,39.8615,41.9415,43.2353,44.037,44.5416,44.8732,45.1067,45.2846,45.4292,45.5516,45.6575,45.7498,45.831,45.9028,45.966,46
0,0,0,0,0,0,0,0,0,0,0,0,0,0,0,0,0,0,0,0,0,0,0,0,0,0,0,0,0,0,0,0,0,0,0,0,0,0,0,0,0,0,0,0,0,0,0,0,0,0,0,0,0,0,0,0,0,0,0,0,0,0,0,0,0,0,0,2.21767,9.08598,16.7145,24.1224,30.5565,35.6314,39.3326,41.5788,42.9356,43.7659,44.2938,44.6516,44.9133,45.1183,45.2868,45.4293,45.5516,45.6575,45.7498,45.831,45.9028,45.966,46
0,0,0,0,0,0,0,0,0,0,0,0,0,0,0,0,0,0,0,0,0,0,0,0,0,0,0,0,0,0,0,0,0,0,0,0,0,0,0,0,0,0,0,0,0,0,0,0,0,0,0,0,0,0,0,0,0,0,0,0,0,0,0,0,0,0,1.48637,8.31346,15.8962,23.2596,29.6551,34.6996,38.3786,40.9366,42.4477,43.3674,43.9596,44.3702,44.677,44.9199,45.1194,45.2869,45.4293,45.5516,45.6575,45.7498,45.831,45.9028,45.966,46
0,0,0,0,0,0,0,0,0,0,0,0,0,0,0,0,0,0,0,0,0,0,0,0,0,0,0,0,0,0,0,0,0,0,0,0,0,0,0,0,0,0,0,0,0,0,0,0,0,0,0,0,0,0,0,0,0,0,0,0,0,0,0,0,0,0.759449,7.54558,15.0828,22.4021,28.7592,33.7734,37.4304,39.973,41.7481,42.8251,43.5251,44.0171,44.3878,44.6812,44.9206,45.1195,45.2869,45.4293,45.5516,45.6575,45.7498,45.831,45.9028,45.966,46
0,0,0,0,0,0,0,0,0,0,0,0,0,0,0,0,0,0,0,0,0,0,0,0,0,0,0,0,0,0,0,0,0,0,0,0,0,0,0,0,0,0,0,0,0,0,0,0,0,0,0,0,0,0,0,0,0,0,0,0,0,0,0,0,0.0368918,6.78231,14.2743,21.5497,27.8686,32.8528,36.4878,39.0152,40.7796,42.1007,42.9629,43.572,44.0304,44.3908,44.6816,44.9206,45.1195,45.2869,45.4293,45.5516,45.6575,45.7498,45.831,45.9028,45.966,46
0,0,0,0,0,0,0,0,0,0,0,0,0,0,0,0,0,0,0,0,0,0,0,0,0,0,0,0,0,0,0,0,0,0,0,0,0,0,0,0,0,0,0,0,0,0,0,0,0,0,0,0,0,0,0,0,0,0,0,0,0,0,0,0,6.02361,13.4707,20.7024,26.9834,31.9377,35.5509,38.0631,39.817,41.1301,42.2294,43.0039,43.5828,44.0326,44.3911,44.6816,44.9206,45.1195,45.2869,45.4293,45.5516,45.6575,45.7498,45.831,45.9028,45.966,46
0,0,0,0,0,0,0,0,0,0,0,0,0,0,0,0,0,0,0,0,0,0,0,0,0,0,0,0,0,0,0,0,0,0,0,0,0,0,0,0,0,0,0,0,0,0,0,0,0,0,0,0,0,0,0,0,0,0,0,0,0,0,0,5.26947,12.6718,19.8602,26.1035,31.028,34.6196,37.1167,38.8601,40.1653,41.258,42.2676,43.0133,43.5846,44.0329,44.3911,44.6816,44.9206,45.1195,45.2869,45.4293,45.5516,45.6575,45.7498,45.831,45.9028,45.966,46
0,0,0,0,0,0,0,0,0,0,0,0,0,0,0,0,0,0,0,0,0,0,0,0,0,0,0,0,0,0,0,0,0,0,0,0,0,0,0,0,0,0,0,0,0,0,0,0,0,0,0,0,0,0,0,0,0,0,0,0,0,0,4.51985,11.8778,19.023,25.2289,30.1239,33.6938,36.176,37.9089,39.2063,40.2924,41.296,42.2765,43.0149,43.5847,44.0329,44.3911,44.6816,44.9206,45.1195,45.2869,45.4293,45.5516,45.6575,45.7498,45.831,45.9028,45.966,46
0,0,0,0,0,0,0,0,0,0,0,0,0,0,0,0,0,0,0,0,0,0,0,0,0,0,0,0,0,0,0,0,0,0,0,0,0,0,0,0,0,0,0,0,0,0,0,0,0,0,0,0,0,0,0,0,0,0,0,0,0,3.77473,11.0885,18.1909,24.3595,29.2251,32.7737,35.241,36.9634,38.253,39.3327,40.3303,41.3048,42.2779,43.0151,43.5847,44.0329,44.3911,44.6816,44.9206,45.1195,45.2869,45.4293,45.5516,45.6575,45.7498,45.831,45.9028,45.966,46
0,0,0,0,0,0,0,0,0,0,0,0,0,0,0,0,0,0,0,0,0,0,0,0,0,0,0,0,0,0,0,0,0,0,0,0,0,0,0,0,0,0,0,0,0,0,0,0,0,0,0,0,0,0,0,0,0,0,0,0,3.03409,10.304,17.3637,23.4954,28.3318,31.859,34.3115,36.0237,37.3055,38.3787,39.3703,40.339,41.3063,42.2781,43.0151,43.5847,44.0329,44.3911,44.6816,44.9206,45.1195,45.2869,45.4293,45.5516,45.6575,45.7498,45.831,45.9028,45.966,46
0,0,0,0,0,0,0,0,0,0,0,0,0,0,0,0,0,0,0,0,0,0,0,0,0,0,0,0,0,0,0,0,0,0,0,0,0,0,0,0,0,0,0,0,0,0,0,0,0,0,0,0,0,0,0,0,0,0,0,2.29788,9.52419,16.5415,22.6364,27.4438,30.9499,33.3876,35.0895,36.3637,37.4304,38.416,39.3789,40.3404,41.3064,42.2781,43.0151,43.5847,44.0329,44.3911,44.6816,44.9206,45.1195,45.2869,45.4293,45.5516,45.6575,45.7498,45.831,45.9028,45.966,46
0,0,0,0,0,0,0,0,0,0,0,0,0,0,0,0,0,0,0,0,0,0,0,0,0,0,0,0,0,0,0,0,0,0,0,0,0,0,0,0,0,0,0,0,0,0,0,0,0,0,0,0,0,0,0,0,0,0,1.56609,8.74905,15.7243,21.7826,26.5611,30.0462,32.4693,34.161,35.4275,36.4878,37.4676,38.4247,39.3804,40.3406,41.3064,42.2781,43.0151,43.5847,44.0329,44.3911,44.6816,44.9206,45.1195,45.2869,45.4293,45.5516,45.6575,45.7498,45.831,45.9028,45.966,46
0,0,0,0,0,0,0,0,0,0,0,0,0,0,0,0,0,0,0,0,0,0,0,0,0,0,0,0,0,0,0,0,0,0,0,0,0,0,0,0,0,0,0,0,0,0,0,0,0,0,0,0,0,0,0,0,0,0.838697,7.97855,14.9119,20.9339,25.6838,29.1479,31.5565,33.238,34.4969,35.5509,36.5247,37.4761,38.4261,39.3805,40.3406,41.3064,42.2781,43.0151,43.5847,44.0329,44.3911,44.6816,44.9206,45.1195,45.2869,45.4293,45.5516,45.6575,45.7498,45.831,45.9028,45.966,46
0,0,0,0,0,0,0,0,0,0,0,0,0,0,0,0,0,0,0,0,0,0,0,0,0,0,0,0,0,0,0,0,0,0,0,0,0,0,0,0,0,0,0,0,0,0,0,0,0,0,0,0,0,0,0,0,0.115665,7.21268,14.1045,20.0903,24.8117,28.255,30.6492,32.3206,33.572,34.6196,35.5876,36.5333,37.4775,38.4262,39.3805,40.3406,41.3064,42.2781,43.0151,43.5847,44.0329,44.3911,44.6816,44.9206,45.1195,45.2869,45.4293,45.5516,45.6575,45.7498,45.831,45.9028,45.966,46
0,0,0,0,0,0,0,0,0,0,0,0,0,0,0,0,0,0,0,0,0,0,0,0,0,0,0,0,0,0,0,0,0,0,0,0,0,0,0,0,0,0,0,0,0,0,0,0,0,0,0,0,0,0,0,0,6.45141,13.3018,19.2517,23.9448,27.3675,29.7473,31.4087,32.6525,33.6939,34.6561,35.5961,36.5347,37.4777,38.4262,39.3805,40.3406,41.3064,42.2781,43.0151,43.5847,44.0329,44.3911,44.6816,44.9206,45.1195,45.2869,45.4293,45.5516,45.6575,45.7498,45.831,45.9028,45.966,46
0,0,0,0,0,0,0,0,0,0,0,0,0,0,0,0,0,0,0,0,0,0,0,0,0,0,0,0,0,0,0,0,0,0,0,0,0,0,0,0,0,0,0,0,0,0,0,0,0,0,0,0,0,0,0,5.6947,12.504,18.4182,23.0831,26.4853,28.8508,30.5022,31.7386,32.7737,33.7301,34.6645,35.5975,36.5348,37.4777,38.4262,39.3805,40.3406,41.3064,42.2781,43.0151,43.5847,44.0329,44.3911,44.6816,44.9206,45.1195,45.2869,45.4293,45.5516,45.6575,45.7498,45.831,45.9028,45.966,46
0,0,0,0,0,0,0,0,0,0,0,0,0,0,0,0,0,0,0,0,0,0,0,0,0,0,0,0,0,0,0,0,0,0,0,0,0,0,0,0,0,0,0,0,0,0,0,0,0,0,0,0,0,0,4.94253,11.711,17.5897,22.2266,25.6084,27.9597,29.6012,30.8302,31.8591,32.8098,33.7385,34.6659,35.5976,36.5348,37.4777,38.4262,39.3805,40.3406,41.3064,42.2781,43.0151,43.5847,44.0329,44.3911,44.6816,44.9206,45.1195,45.2869,45.4293,45.5516,45.6575,45.7498,45.831,45.9028,45.966,46
0,0,0,0,0,0,0,0,0,0,0,0,0,0,0,0,0,0,0,0,0,0,0,0,0,0,0,0,0,0,0,0,0,0,0,0,0,0,0,0,0,0,0,0,0,0,0,0,0,0,0,0,0,4.19487,10.9227,16.7662,21.3753,24.7367,27.0739,28.7056,29.9272,30.9499,31.8949,32.8181,33.7399,34.666,35.5976,36.5348,37.4777,38.4262,39.3805,40.3406,41.3064,42.2781,43.0151,43.5847,44.0329,44.3911,44.6816,44.9206,45.1195,45.2869,45.4293,45.5516,45.6575,45.7498,45.831,45.9028,45.966,46
0,0,0,0,0,0,0,0,0,0,0,0,0,0,0,0,0,0,0,0,0,0,0,0,0,0,0,0,0,0,0,0,0,0,0,0,0,0,0,0,0,0,0,0,0,0,0,0,0,0,0,0,3.45171,10.1392,15.9476,20.529,23.8703,26.1935,27.8154,29.0296,30.0462,30.9855,31.9032,32.8194,33.74,34.666,35.5976,36.5348,37.4777,38.4262,39.3805,40.3406,41.3064,42.2781,43.0151,43.5847,44.0329,44.3911,44.6816,44.9206,45.1195,45.2869,45.4293,45.5516,45.6575,45.7498,45.831,45.9028,45.966,46
0,0,0,0,0,0,0,0,0,0,0,0,0,0,0,0,0,0,0,0,0,0,0,0,0,0,0,0,0,0,0,0,0,0,0,0,0,0,0,0,0,0,0,0,0,0,0,0,0,0,0,2.71299,9.36037,15.1339,19.6878,23.0091,25.3183,26.9305,28.1375,29.1479,30.0816,30.9937,31.9045,32.8196,33.74,34.666,35.5976,36.5348,37.4777,38.4262,39.3805,40.3406,41.3064,42.2781,43.0151,43.5847,44.0329,44.3911,44.6816,44.9206,45.1195,45.2869,45.4293,45.5516,45.6575,45.7498,45.831,45.9028,45.966,46
0,0,0,0,0,0,0,0,0,0,0,0,0,0,0,0,0,0,0,0,0,0,0,0,0,0,0,0,0,0,0,0,0,0,0,0,0,0,0,0,0,0,0,0,0,0,0,0,0,0,1.97872,8.5862,14.3251,18.8517,22.153,24.4484,26.0509,27.2506,28.2551,29.1831,30.0898,30.9951,31.9047,32.8196,33.74,34.666,35.5976,36.5348,37.4777,38.4262,39.3805,40.3406,41.3064,42.2781,43.0151,43.5847,44.0329,44.3911,44.6816,44.9206,45.1195,45.2869,45.4293,45.5516,45.6575,45.7498,45.831,45.9028,45.966,46
0,0,0,0,0,0,0,0,0,0,0,0,0,0,0,0,0,0,0,0,0,0,0,0,0,0,0,0,0,0,0,0,0,0,0,0,0,0,0,0,0,0,0,0,0,0,0,0,0,1.24884,7.81669,13.5212,18.0206,21.3021,23.5837,25.1766,26.3691,27.3675,28.29,29.1912,30.0911,30.9952,31.9047,32.8196,33.74,34.666,35.5976,36.5348,37.4777,38.4262,39.3805,40.3406,41.3064,42.2781,43.0151,43.5847,44.0329,44.3911,44.6816,44.9206,45.1195,45.2869,45.4293,45.5516,45.6575,45.7498,45.831,45.9028,45.966,46
0,0,0,0,0,0,0,0,0,0,0,0,0,0,0,0,0,0,0,0,0,0,0,0,0,0,0,0,0,0,0,0,0,0,0,0,0,0,0,0,0,0,0,0,0,0,0,0,0.523351,7.05179,12.722,17.1945,20.4563,22.7242,24.3075,25.4929,26.4853,27.4023,28.2981,29.1926,30.0913,30.9952,31.9047,32.8196,33.74,34.666,35.5976,36.5348,37.4777,38.4262,39.3805,40.3406,41.3064,42.2781,43.0151,43.5847,44.0329,44.3911,44.6816,44.9206,45.1195,45.2869,45.4293,45.5516,45.6575,45.7498,45.831,45.9028,45.966,46
0,0,0,0,0,0,0,0,0,0,0,0,0,0,0,0,0,0,0,0,0,0,0,0,0,0,0,0,0,0,0,0,0,0,0,0,0,0,0,0,0,0,0,0,0,0,0,0,6.29148,11.9277,16.3733,19.6155,21.8699,23.4437,24.622,25.6084,26.5199,27.4103,28.2994,29.1927,30.0913,30.9952,31.9047,32.8196,33.74,34.666,35.5976,36.5348,37.4777,38.4262,39.3805,40.3406,41.3064,42.2781,43.0151,43.5847,44.0329,44.3911,44.6816,44.9206,45.1195,45.2869,45.4293,45.5516,45.6575,45.7498,45.831,45.9028,45.966,46
0,0,0,0,0,0,0,0,0,0,0,0,0,0,0,0,0,0,0,0,0,0,0,0,0,0,0,0,0,0,0,0,0,0,0,0,0,0,0,0,0,0,0,0,0,0,0,5.53573,11.1381,15.5571,18.7799,21.0206,22.585,23.7562,24.7368,25.6428,26.5278,27.4116,28.2996,29.1927,30.0913,30.9952,31.9047,32.8196,33.74,34.666,35.5976,36.5348,37.4777,38.4262,39.3805,40.3406,41.3064,42.2781,43.0151,43.5847,44.0329,44.3911,44.6816,44.9206,45.1195,45.2869,45.4293,45.5516,45.6575,45.7498,45.831,45.9028,45.966,46
0,0,0,0,0,0,0,0,0,0,0,0,0,0,0,0,0,0,0,0,0,0,0,0,0,0,0,0,0,0,0,0,0,0,0,0,0,0,0,0,0,0,0,0,0,0,4.78451,10.3533,14.7457,17.9492,20.1765,21.7315,22.8957,23.8703,24.7709,25.6507,26.5292,27.4118,28.2996,29.1927,30.0913,30.9952,31.9047,32.8196,33.74,34.666,35.5976,36.5348,37.4777,38.4262,39.3805,40.3406,41.3064,42.2781,43.0151,43.5847,44.0329,44.3911,44.6816,44.9206,45.1195,45.2869,45.4293,45.5516,45.6575,45.7498,45.831,45.9028,45.966,46
0,0,0,0,0,0,0,0,0,0,0,0,0,0,0,0,0,0,0,0,0,0,0,0,0,0,0,0,0,0,0,0,0,0,0,0,0,0,0,0,0,0,0,0,0,4.03781,9.57318,13.9393,17.1235,19.3375,20.8831,22.0403,23.0091,23.9043,24.7788,25.652,26.5293,27.4118,28.2996,29.1927,30.0913,30.9952,31.9047,32.8196,33.74,34.666,35.5976,36.5348,37.4777,38.4262,39.3805,40.3406,41.3064,42.2781,43.0151,43.5847,44.0329,44.3911,44.6816,44.9206,45.1195,45.2869,45.4293,45.5516,45.6575,45.7498,45.831,45.9028,45.966,46
0,0,0,0,0,0,0,0,0,0,0,0,0,0,0,0,0,0,0,0,0,0,0,0,0,0,0,0,0,0,0,0,0,0,0,0,0,0,0,0,0,0,0,0,3.29558,8.79774,13.1376,16.3027,18.5034,20.0398,21.1901,22.1531,23.0428,23.9121,24.7801,25.6521,26.5293,27.4118,28.2996,29.1927,30.0913,30.9952,31.9047,32.8196,33.74,34.666,35.5976,36.5348,37.4777,38.4262,39.3805,40.3406,41.3064,42.2781,43.0151,43.5847,44.0329,44.3911,44.6816,44.9206,45.1195,45.2869,45.4293,45.5516,45.6575,45.7498,45.831,45.9028,45.966,46
0,0,0,0,0,0,0,0,0,0,0,0,0,0,0,0,0,0,0,0,0,0,0,0,0,0,0,0,0,0,0,0,0,0,0,0,0,0,0,0,0,0,0,2.55781,8.02695,12.3408,15.4869,17.6744,19.2016,20.3449,21.3021,22.1866,23.0506,23.9134,24.7802,25.6521,26.5293,27.4118,28.2996,29.1927,30.0913,30.9952,31.9047,32.8196,33.74,34.666,35.5976,36.5348,37.4777,38.4262,39.3805,40.3406,41.3064,42.2781,43.0151,43.5847,44.0329,44.3911,44.6816,44.9206,45.1195,45.2869,45.4293,45.5516,45.6575,45.7498,45.831,45.9028,45.966,46
0,0,0,0,0,0,0,0,0,0,0,0,0,0,0,0,0,0,0,0,0,0,0,0,0,0,0,0,0,0,0,0,0,0,0,0,0,0,0,0,0,0,1.82446,7.26079,11.5487,14.676,16.8504,18.3684,19.5049,20.4563,21.3355,22.1943,23.0519,23.9135,24.7802,25.6521,26.5293,27.4118,28.2996,29.1927,30.0913,30.9952,31.9047,32.8196,33.74,34.666,35.5976,36.5348,37.4777,38.4262,39.3805,40.3406,41.3064,42.2781,43.0151,43.5847,44.0329,44.3911,44.6816,44.9206,45.1195,45.2869,45.4293,45.5516,45.6575,45.7498,45.831,45.9028,45.966,46
0,0,0,0,0,0,0,0,0,0,0,0,0,0,0,0,0,0,0,0,0,0,0,0,0,0,0,0,0,0,0,0,0,0,0,0,0,0,0,0,0,1.09551,6.49923,10.7615,13.8699,16.0313,17.5402,18.6698,19.6156,20.4895,21.3432,22.1956,23.052,23.9135,24.7802,25.6521,26.5293,27.4118,28.2996,29.1927,30.0913,30.9952,31.9047,32.8196,33.74,34.666,35.5976,36.5348,37.4777,38.4262,39.3805,40.3406,41.3064,42.2781,43.0151,43.5847,44.0329,44.3911,44.6816,44.9206,45.1195,45.2869,45.4293,45.5516,45.6575,45.7498,45.831,45.9028,45.966,46
0,0,0,0,0,0,0,0,0,0,0,0,0,0,0,0,0,0,0,0,0,0,0,0,0,0,0,0,0,0,0,0,0,0,0,0,0,0,0,0,0.37094,5.74223,9.97889,13.0687,15.2171,16.7169,17.8398,18.7799,19.6485,20.4971,21.3444,22.1957,23.052,23.9135,24.7802,25.6521,26.5293,27.4118,28.2996,29.1927,30.0913,30.9952,31.9047,32.8196,33.74,34.666,35.5976,36.5348,37.4777,38.4262,39.3805,40.3406,41.3064,42.2781,43.0151,43.5847,44.0329,44.3911,44.6816,44.9206,45.1195,45.2869,45.4293,45.5516,45.6575,45.7498,45.831,45.9028,45.966,46
0,0,0,0,0,0,0,0,0,0,0,0,0,0,0,0,0,0,0,0,0,0,0,0,0,0,0,0,0,0,0,0,0,0,0,0,0,0,0,0,4.98978,9.20101,12.2723,14.4078,15.8986,17.0148,17.9492,18.8126,19.6561,20.4984,21.3446,22.1957,23.052,23.9135,24.7802,25.6521,26.5293,27.4118,28.2996,29.1927,30.0913,30.9952,31.9047,32.8196,33.74,34.666,35.5976,36.5348,37.4777,38.4262,39.3805,40.3406,41.3064,42.2781,43.0151,43.5847,44.0329,44.3911,44.6816,44.9206,45.1195,45.2869,45.4293,45.5516,45.6575,45.7498,45.831,45.9028,45.966,46
0,0,0,0,0,0,0,0,0,0,0,0,0,0,0,0,0,0,0,0,0,0,0,0,0,0,0,0,0,0,0,0,0,0,0,0,0,0,0,4.24184,8.42781,11.4807,13.6033,15.0852,16.1947,17.1235,17.9818,18.8202,19.6574,20.4985,21.3446,22.1957,23.052,23.9135,24.7802,25.6521,26.5293,27.4118,28.2996,29.1927,30.0913,30.9952,31.9047,32.8196,33.74,34.666,35.5976,36.5348,37.4777,38.4262,39.3805,40.3406,41.3064,42.2781,43.0151,43.5847,44.0329,44.3911,44.6816,44.9206,45.1195,45.2869,45.4293,45.5516,45.6575,45.7498,45.831,45.9028,45.966,46
0,0,0,0,0,0,0,0,0,0,0,0,0,0,0,0,0,0,0,0,0,0,0,0,0,0,0,0,0,0,0,0,0,0,0,0,0,0,3.49839,7.65924,10.6938,12.8037,14.2767,15.3795,16.3028,17.1559,17.9893,18.8214,19.6575,20.4985,21.3446,22.1957,23.052,23.9135,24.7802,25.6521,26.5293,27.4118,28.2996,29.1927,30.0913,30.9952,31.9047,32.8196,33.74,34.666,35.5976,36.5348,37.4777,38.4262,39.3805,40.3406,41.3064,42.2781,43.0151,43.5847,44.0329,44.3911,44.6816,44.9206,45.1195,45.2869,45.4293,45.5516,45.6575,45.7498,45.831,45.9028,45.966,46
0,0,0,0,0,0,0,0,0,0,0,0,0,0,0,0,0,0,0,0,0,0,0,0,0,0,0,0,0,0,0,0,0,0,0,0,0,2.7594,6.89529,9.91163,12.0089,13.4731,14.5692,15.487,16.3349,17.1633,17.9905,18.8216,19.6575,20.4985,21.3446,22.1957,23.052,23.9135,24.7802,25.6521,26.5293,27.4118,28.2996,29.1927,30.0913,30.9952,31.9047,32.8196,33.74,34.666,35.5976,36.5348,37.4777,38.4262,39.3805,40.3406,41.3064,42.2781,43.0151,43.5847,44.0329,44.3911,44.6816,44.9206,45.1195,45.2869,45.4293,45.5516,45.6575,45.7498,45.831,45.9028,45.966,46
0,0,0,0,0,0,0,0,0,0,0,0,0,0,0,0,0,0,0,0,0,0,0,0,0,0,0,0,0,0,0,0,0,0,0,0,2.02484,6.13591,9.13416,11.2188,12.6742,13.7638,14.676,15.5189,16.3423,17.1646,17.9906,18.8216,19.6575,20.4985,21.3446,22.1957,23.052,23.9135,24.7802,25.6521,26.5293,27.4118,28.2996,29.1927,30.0913,30.9952,31.9047,32.8196,33.74,34.666,35.5976,36.5348,37.4777,38.4262,39.3805,40.3406,41.3064,42.2781,43.0151,43.5847,44.0329,44.3911,44.6816,44.9206,45.1195,45.2869,45.4293,45.5516,45.6575,45.7498,45.831,45.9028,45.966,46
0,0,0,0,0,0,0,0,0,0,0,0,0,0,0,0,0,0,0,0,0,0,0,0,0,0,0,0,0,0,0,0,0,0,0,1.29469,5.3811,8.36136,10.4335,11.8802,12.9633,13.87,14.7078,15.5263,16.3436,17.1647,17.9906,18.8216,19.6575,20.4985,21.3446,22.1957,23.052,23.9135,24.7802,25.6521,26.5293,27.4118,28.2996,29.1927,30.0913,30.9952,31.9047,32.8196,33.74,34.666,35.5976,36.5348,37.4777,38.4262,39.3805,40.3406,41.3064,42.2781,43.0151,43.5847,44.0329,44.3911,44.6816,44.9206,45.1195,45.2869,45.4293,45.5516,45.6575,45.7498,45.831,45.9028,45.966,46
0,0,0,0,0,0,0,0,0,0,0,0,0,0,0,0,0,0,0,0,0,0,0,0,0,0,0,0,0,0,0,0,0,0,0.568925,4.63081,7.59319,9.65292,11.0909,12.1675,13.0688,13.9016,14.7151,15.5275,16.3437,17.1647,17.9906,18.8216,19.6575,20.4985,21.3446,22.1957,23.052,23.9135,24.7802,25.6521,26.5293,27.4118,28.2996,29.1927,30.0913,30.9952,31.9047,32.8196,33.74,34.666,35.5976,36.5348,37.4777,38.4262,39.3805,40.3406,41.3064,42.2781,43.0151,43.5847,44.0329,44.3911,44.6816,44.9206,45.1195,45.2869,45.4293,45.5516,45.6575,45.7498,45.831,45.9028,45.966,46
0,0,0,0,0,0,0,0,0,0,0,0,0,0,0,0,0,0,0,0,0,0,0,0,0,0,0,0,0,0,0,0,0,0,3.88503,6.82963,8.87701,10.3063,11.3765,12.2724,13.1001,13.9088,14.7163,15.5276,16.3437,17.1647,17.9906,18.8216,19.6575,20.4985,21.3446,22.1957,23.052,23.9135,24.7802,25.6521,26.5293,27.4118,28.2996,29.1927,30.0913,30.9952,31.9047,32.8196,33.74,34.666,35.5976,36.5348,37.4777,38.4262,39.3805,40.3406,41.3064,42.2781,43.0151,43.5847,44.0329,44.3911,44.6816,44.9206,45.1195,45.2869,45.4293,45.5516,45.6575,45.7498,45.831,45.9028,45.966,46
0,0,0,0,0,0,0,0,0,0,0,0,0,0,0,0,0,0,0,0,0,0,0,0,0,0,0,0,0,0,0,0,0,3.14372,6.07065,8.10574,9.5265,10.5902,11.4807,12.3035,13.1074,13.91,14.7165,15.5276,16.3437,17.1647,17.9906,18.8216,19.6575,20.4985,21.3446,22.1957,23.052,23.9135,24.7802,25.6521,26.5293,27.4118,28.2996,29.1927,30.0913,30.9952,31.9047,32.8196,33.74,34.666,35.5976,36.5348,37.4777,38.4262,39.3805,40.3406,41.3064,42.2781,43.0151,43.5847,44.0329,44.3911,44.6816,44.9206,45.1195,45.2869,45.4293,45.5516,45.6575,45.7498,45.831,45.9028,45.966,46
0,0,0,0,0,0,0,0,0,0,0,0,0,0,0,0,0,0,0,0,0,0,0,0,0,0,0,0,0,0,0,0,2.40686,5.31623,7.33911,8.75135,9.80867,10.6938,11.5117,12.3107,13.1086,13.9102,14.7165,15.5276,16.3437,17.1647,17.9906,18.8216,19.6575,20.4985,21.3446,22.1957,23.052,23.9135,24.7802,25.6521,26.5293,27.4118,28.2996,29.1927,30.0913,30.9952,31.9047,32.8196,33.74,34.666,35.5976,36.5348,37.4777,38.4262,39.3805,40.3406,41.3064,42.2781,43.0151,43.5847,44.0329,44.3911,44.6816,44.9206,45.1195,45.2869,45.4293,45.5516,45.6575,45.7498,45.831,45.9028,45.966,46
0,0,0,0,0,0,0,0,0,0,0,0,0,0,0,0,0,0,0,0,0,0,0,0,0,0,0,0,0,0,0,1.67441,4.56633,6.57708,7.98084,9.03181,9.91168,10.7247,11.5189,12.3119,13.1087,13.9102,14.7165,15.5276,16.3437,17.1647,17.9906,18.8216,19.6575,20.4985,21.3446,22.1957,23.052,23.9135,24.7802,25.6521,26.5293,27.4118,28.2996,29.1927,30.0913,30.9952,31.9047,32.8196,33.74,34.666,35.5976,36.5348,37.4777,38.4262,39.3805,40.3406,41.3064,42.2781,43.0151,43.5847,44.0329,44.3911,44.6816,44.9206,45.1195,45.2869,45.4293,45.5516,45.6575,45.7498,45.831,45.9028,45.966,46
0,0,0,0,0,0,0,0,0,0,0,0,0,0,0,0,0,0,0,0,0,0,0,0,0,0,0,0,0,0,0.946368,3.82094,5.81961,7.21495,8.25962,9.13421,9.94231,10.7318,11.5201,12.3121,13.1087,13.9102,14.7165,15.5276,16.3437,17.1647,17.9906,18.8216,19.6575,20.4985,21.3446,22.1957,23.052,23.9135,24.7802,25.6521,26.5293,27.4118,28.2996,29.1927,30.0913,30.9952,31.9047,32.8196,33.74,34.666,35.5976,36.5348,37.4777,38.4262,39.3805,40.3406,41.3064,42.2781,43.0151,43.5847,44.0329,44.3911,44.6816,44.9206,45.1195,45.2869,45.4293,45.5516,45.6575,45.7498,45.831,45.9028,45.966,46
0,0,0,0,0,0,0,0,0,0,0,0,0,0,0,0,0,0,0,0,0,0,0,0,0,0,0,0,0,0.222689,3.08001,5.0667,6.45366,7.49207,8.3614,9.16465,9.94938,10.7329,11.5202,12.3121,13.1087,13.9102,14.7165,15.5276,16.3437,17.1647,17.9906,18.8216,19.6575,20.4985,21.3446,22.1957,23.052,23.9135,24.7802,25.6521,26.5293,27.4118,28.2996,29.1927,30.0913,30.9952,31.9047,32.8196,33.74,34.666,35.5976,36.5348,37.4777,38.4262,39.3805,40.3406,41.3064,42.2781,43.0151,43.5847,44.0329,44.3911,44.6816,44.9206,45.1195,45.2869,45.4293,45.5516,45.6575,45.7498,45.831,45.9028,45.966,46
0,0,0,0,0,0,0,0,0,0,0,0,0,0,0,0,0,0,0,0,0,0,0,0,0,0,0,0,0,2.34353,4.31829,5.69694,6.72911,7.59323,8.39167,9.17168,9.95054,10.7331,11.5202,12.3121,13.1087,13.9102,14.7165,15.5276,16.3437,17.1647,17.9906,18.8216,19.6575,20.4985,21.3446,22.1957,23.052,23.9135,24.7802,25.6521,26.5293,27.4118,28.2996,29.1927,30.0913,30.9952,31.9047,32.8196,33.74,34.666,35.5976,36.5348,37.4777,38.4262,39.3805,40.3406,41.3064,42.2781,43.0151,43.5847,44.0329,44.3911,44.6816,44.9206,45.1195,45.2869,45.4293,45.5516,45.6575,45.7498,45.831,45.9028,45.966,46
0,0,0,0,0,0,0,0,0,0,0,0,0,0,0,0,0,0,0,0,0,0,0,0,0,0,0,0,1.61147,3.57439,4.94476,5.97074,6.82968,7.62332,8.39865,9.17284,9.95066,10.7331,11.5202,12.3121,13.1087,13.9102,14.7165,15.5276,16.3437,17.1647,17.9906,18.8216,19.6575,20.4985,21.3446,22.1957,23.052,23.9135,24.7802,25.6521,26.5293,27.4118,28.2996,29.1927,30.0913,30.9952,31.9047,32.8196,33.74,34.666,35.5976,36.5348,37.4777,38.4262,39.3805,40.3406,41.3064,42.2781,43.0151,43.5847,44.0329,44.3911,44.6816,44.9206,45.1195,45.2869,45.4293,45.5516,45.6575,45.7498,45.831,45.9028,45.966,46
0,0,0,0,0,0,0,0,0,0,0,0,0,0,0,0,0,0,0,0,0,0,0,0,0,0,0,0.8838,2.83494,4.19709,5.21691,6.0707,6.85958,7.63026,8.3998,9.17296,9.95066,10.7331,11.5202,12.3121,13.1087,13.9102,14.7165,15.5276,16.3437,17.1647,17.9906,18.8216,19.6575,20.4985,21.3446,22.1957,23.052,23.9135,24.7802,25.6521,26.5293,27.4118,28.2996,29.1927,30.0913,30.9952,31.9047,32.8196,33.74,34.666,35.5976,36.5348,37.4777,38.4262,39.3805,40.3406,41.3064,42.2781,43.0151,43.5847,44.0329,44.3911,44.6816,44.9206,45.1195,45.2869,45.4293,45.5516,45.6575,45.7498,45.831,45.9028,45.966,46
0,0,0,0,0,0,0,0,0,0,0,0,0,0,0,0,0,0,0,0,0,0,0,0,0,0,0.160497,2.09993,3.45391,4.46761,5.31627,6.10042,6.86648,7.6314,8.39992,9.17296,9.95066,10.7331,11.5202,12.3121,13.1087,13.9102,14.7165,15.5276,16.3437,17.1647,17.9906,18.8216,19.6575,20.4985,21.3446,22.1957,23.052,23.9135,24.7802,25.6521,26.5293,27.4118,28.2996,29.1927,30.0913,30.9952,31.9047,32.8196,33.74,34.666,35.5976,36.5348,37.4777,38.4262,39.3805,40.3406,41.3064,42.2781,43.0151,43.5847,44.0329,44.3911,44.6816,44.9206,45.1195,45.2869,45.4293,45.5516,45.6575,45.7498,45.831,45.9028,45.966,46
0,0,0,0,0,0,0,0,0,0,0,0,0,0,0,0,0,0,0,0,0,0,0,0,0,0,1.36933,2.71518,3.72281,4.56638,5.34582,6.10728,6.86762,7.63152,8.39992,9.17296,9.95066,10.7331,11.5202,12.3121,13.1087,13.9102,14.7165,15.5276,16.3437,17.1647,17.9906,18.8216,19.6575,20.4985,21.3446,22.1957,23.052,23.9135,24.7802,25.6521,26.5293,27.4118,28.2996,29.1927,30.0913,30.9952,31.9047,32.8196,33.74,34.666,35.5976,36.5348,37.4777,38.4262,39.3805,40.3406,41.3064,42.2781,43.0151,43.5847,44.0329,44.3911,44.6816,44.9206,45.1195,45.2869,45.4293,45.5516,45.6575,45.7498,45.831,45.9028,45.966,46
0,0,0,0,0,0,0,0,0,0,0,0,0,0,0,0,0,0,0,0,0,0,0,0,0,0.643114,1.98089,2.98247,3.82098,4.59574,5.35263,6.10841,6.86773,7.63152,8.39992,9.17296,9.95066,10.7331,11.5202,12.3121,13.1087,13.9102,14.7165,15.5276,16.3437,17.1647,17.9906,18.8216,19.6575,20.4985,21.3446,22.1957,23.052,23.9135,24.7802,25.6521,26.5293,27.4118,28.2996,29.1927,30.0913,30.9952,31.9047,32.8196,33.74,34.666,35.5976,36.5348,37.4777,38.4262,39.3805,40.3406,41.3064,42.2781,43.0151,43.5847,44.0329,44.3911,44.6816,44.9206,45.1195,45.2869,45.4293,45.5516,45.6575,45.7498,45.831,45.9028,45.966,46
0,0,0,0,0,0,0,0,0,0,0,0,0,0,0,0,0,0,0,0,0,0,0,0,0,1.25101,2.24658,3.08005,3.85017,4.60252,5.35376,6.10852,6.86773,7.63152,8.39992,9.17296,9.95066,10.7331,11.5202,12.3121,13.1087,13.9102,14.7165,15.5276,16.3437,17.1647,17.9906,18.8216,19.6575,20.4985,21.3446,22.1957,23.052,23.9135,24.7802,25.6521,26.5293,27.4118,28.2996,29.1927,30.0913,30.9952,31.9047,32.8196,33.74,34.666,35.5976,36.5348,37.4777,38.4262,39.3805,40.3406,41.3064,42.2781,43.0151,43.5847,44.0329,44.3911,44.6816,44.9206,45.1195,45.2869,45.4293,45.5516,45.6575,45.7498,45.831,45.9028,45.966,46
0,0,0,0,0,0,0,0,0,0,0,0,0,0,0,0,0,0,0,0,0,0,0,0,0.525502,1.5151,2.34357,3.10907,3.8569,4.60364,5.35387,6.10853,6.86773,7.63152,8.39992,9.17296,9.95066,10.7331,11.5202,12.3121,13.1087,13.9102,14.7165,15.5276,16.3437,17.1647,17.9906,18.8216,19.6575,20.4985,21.3446,22.1957,23.052,23.9135,24.7802,25.6521,26.5293,27.4118,28.2996,29.1927,30.0913,30.9952,31.9047,32.8196,33.74,34.666,35.5976,36.5348,37.4777,38.4262,39.3805,40.3406,41.3064,42.2781,43.0151,43.5847,44.0329,44.3911,44.6816,44.9206,45.1195,45.2869,45.4293,45.5516,45.6575,45.7498,45.831,45.9028,45.966,46
0,0,0,0,0,0,0,0,0,0,0,0,0,0,0,0,0,0,0,0,0,0,0,0,0.788005,1.61151,2.37241,3.11576,3.85802,4.60375,5.35388,6.10853,6.86773,7.63152,8.39992,9.17296,9.95066,10.7331,11.5202,12.3121,13.1087,13.9102,14.7165,15.5276,16.3437,17.1647,17.9906,18.8216,19.6575,20.4985,21.3446,22.1957,23.052,23.9135,24.7802,25.6521,26.5293,27.4118,28.2996,29.1927,30.0913,30.9952,31.9047,32.8196,33.74,34.666,35.5976,36.5348,37.4777,38.4262,39.3805,40.3406,41.3064,42.2781,43.0151,43.5847,44.0329,44.3911,44.6816,44.9206,45.1195,45.2869,45.4293,45.5516,45.6575,45.7498,45.831,45.9028,45.966,46
0,0,0,0,0,0,0,0,0,0,0,0,0,0,0,0,0,0,0,0,0,0,0,0.0652772,0.883841,1.64018,2.37907,3.11687,3.85813,4.60375,5.35388,6.10853,6.86773,7.63152,8.39992,9.17296,9.95066,10.7331,11.5202,12.3121,13.1087,13.9102,14.7165,15.5276,16.3437,17.1647,17.9906,18.8216,19.6575,20.4985,21.3446,22.1957,23.052,23.9135,24.7802,25.6521,26.5293,27.4118,28.2996,29.1927,30.0913,30.9952,31.9047,32.8196,33.74,34.666,35.5976,36.5348,37.4777,38.4262,39.3805,40.3406,41.3064,42.2781,43.0151,43.5847,44.0329,44.3911,44.6816,44.9206,45.1195,45.2869,45.4293,45.5516,45.6575,45.7498,45.831,45.9028,45.966,46
0,0,0,0,0,0,0,0,0,0,0,0,0,0,0,0,0,0,0,0,0,0,0,0.160538,0.912335,1.64679,2.38017,3.11698,3.85813,4.60375,5.35388,6.10853,6.86773,7.63152,8.39992,9.17296,9.95066,10.7331,11.5202,12.3121,13.1087,13.9102,14.7165,15.5276,16.3437,17.1647,17.9906,18.8216,19.6575,20.4985,21.3446,22.1957,23.052,23.9135,24.7802,25.6521,26.5293,27.4118,28.2996,29.1927,30.0913,30.9952,31.9047,32.8196,33.74,34.666,35.5976,36.5348,37.4777,38.4262,39.3805,40.3406,41.3064,42.2781,43.0151,43.5847,44.0329,44.3911,44.6816,44.9206,45.1195,45.2869,45.4293,45.5516,45.6575,45.7498,45.831,45.9028,45.966,46
0,0,0,0,0,0,0,0,0,0,0,0,0,0,0,0,0,0,0,0,0,0,0,0.188861,0.918911,1.64789,2.38028,3.11698,3.85813,4.60375,5.35388,6.10853,6.86773,7.63152,8.39992,9.17296,9.95066,10.7331,11.5202,12.3121,13.1087,13.9102,14.7165,15.5276,16.3437,17.1647,17.9906,18.8216,19.6575,20.4985,21.3446,22.1957,23.052,23.9135,24.7802,25.6521,26.5293,27.4118,28.2996,29.1927,30.0913,30.9952,31.9047,32.8196,33.74,34.666,35.5976,36.5348,37.4777,38.4262,39.3805,40.3406,41.3064,42.2781,43.0151,43.5847,44.0329,44.3911,44.6816,44.9206,45.1195,45.2869,45.4293,45.5516,45.6575,45.7498,45.831,45.9028,45.966,46
0,0,0,0,0,0,0,0,0,0,0,0,0,0,0,0,0,0,0,0,0,0,0,0.195398,0.919998,1.64799,2.38028,3.11698,3.85813,4.60375,5.35388,6.10853,6.86773,7.63152,8.39992,9.17296,9.95066,10.7331,11.5202,12.3121,13.1087,13.9102,14.7165,15.5276,16.3437,17.1647,17.9906,18.8216,19.6575,20.4985,21.3446,22.1957,23.052,23.9135,24.7802,25.6521,26.5293,27.4118,28.2996,29.1927,30.0913,30.9952,31.9047,32.8196,33.74,34.666,35.5976,36.5348,37.4777,38.4262,39.3805,40.3406,41.3064,42.2781,43.0151,43.5847,44.0329,44.3911,44.6816,44.9206,45.1195,45.2869,45.4293,45.5516,45.6575,45.7498,45.831,45.9028,45.966,46
0,0,0,0,0,0,0,0,0,0,0,0,0,0,0,0,0,0,0,0,0,0,0,0.196478,0.920107,1.648,2.38028,3.11698,3.85813,4.60375,5.35388,6.10853,6.86773,7.63152,8.39992,9.17296,9.95066,10.7331,11.5202,12.3121,13.1087,13.9102,14.7165,15.5276,16.3437,17.1647,17.9906,18.8216,19.6575,20.4985,21.3446,22.1957,23.052,23.9135,24.7802,25.6521,26.5293,27.4118,28.2996,29.1927,30.0913,30.9952,31.9047,32.8196,33.74,34.666,35.5976,36.5348,37.4777,38.4262,39.3805,40.3406,41.3064,42.2781,43.0151,43.5847,44.0329,44.3911,44.6816,44.9206,45.1195,45.2869,45.4293,45.5516,45.6575,45.7498,45.831,45.9028,45.966,46
0,0,0,0,0,0,0,0,0,0,0,0,0,0,0,0,0,0,0,0,0,0,0,0.196586,0.920111,1.648,2.38028,3.11698,3.85813,4.60375,5.35388,6.10853,6.86773,7.63152,8.39992,9.17296,9.95066,10.7331,11.5202,12.3121,13.1087,13.9102,14.7165,15.5276,16.3437,17.1647,17.9906,18.8216,19.6575,20.4985,21.3446,22.1957,23.052,23.9135,24.7802,25.6521,26.5293,27.4118,28.2996,29.1927,30.0913,30.9952,31.9047,32.8196,33.74,34.666,35.5976,36.5348,37.4777,38.4262,39.3805,40.3406,41.3064,42.2781,43.0151,43.5847,44.0329,44.3911,44.6816,44.9206,45.1195,45.2869,45.4293,45.5516,45.6575,45.7498,45.831,45.9028,45.966,46
0,0,0,0,0,0,0,0,0,0,0,0,0,0,0,0,0,0,0,0,0,0,0,0.19659,0.920111,1.648,2.38028,3.11698,3.85813,4.60375,5.35388,6.10853,6.86773,7.63152,8.39992,9.17296,9.95066,10.7331,11.5202,12.3121,13.1087,13.9102,14.7165,15.5276,16.3437,17.1647,17.9906,18.8216,19.6575,20.4985,21.3446,22.1957,23.052,23.9135,24.7802,25.6521,26.5293,27.4118,28.2996,29.1927,30.0913,30.9952,31.9047,32.8196,33.74,34.666,35.5976,36.5348,37.4777,38.4262,39.3805,40.3406,41.3064,42.2781,43.0151,43.5847,44.0329,44.3911,44.6816,44.9206,45.1195,45.2869,45.4293,45.5516,45.6575,45.7498,45.831,45.9028,45.966,46
0,0,0,0,0,0,0,0,0,0,0,0,0,0,0,0,0,0,0,0,0,0,0,0.19659,0.920111,1.648,2.38028,3.11698,3.85813,4.60375,5.35388,6.10853,6.86773,7.63152,8.39992,9.17296,9.95066,10.7331,11.5202,12.3121,13.1087,13.9102,14.7165,15.5276,16.3437,17.1647,17.9906,18.8216,19.6575,20.4985,21.3446,22.1957,23.052,23.9135,24.7802,25.6521,26.5293,27.4118,28.2996,29.1927,30.0913,30.9952,31.9047,32.8196,33.74,34.666,35.5976,36.5348,37.4777,38.4262,39.3805,40.3406,41.3064,42.2781,43.0151,43.5847,44.0329,44.3911,44.6816,44.9206,45.1195,45.2869,45.4293,45.5516,45.6575,45.7498,45.831,45.9028,45.966,46
0,0,0,0,0,0,0,0,0,0,0,0,0,0,0,0,0,0,0,0,0,0,0,0.19659,0.920111,1.648,2.38028,3.11698,3.85813,4.60375,5.35388,6.10853,6.86773,7.63152,8.39992,9.17296,9.95066,10.7331,11.5202,12.3121,13.1087,13.9102,14.7165,15.5276,16.3437,17.1647,17.9906,18.8216,19.6575,20.4985,21.3446,22.1957,23.052,23.9135,24.7802,25.6521,26.5293,27.4118,28.2996,29.1927,30.0913,30.9952,31.9047,32.8196,33.74,34.666,35.5976,36.5348,37.4777,38.4262,39.3805,40.3406,41.3064,42.2781,43.0151,43.5847,44.0329,44.3911,44.6816,44.9206,45.1195,45.2869,45.4293,45.5516,45.6575,45.7498,45.831,45.9028,45.966,46
0,0,0,0,0,0,0,0,0,0,0,0,0,0,0,0,0,0,0,0,0,0,0,0.19659,0.920111,1.648,2.38028,3.11698,3.85813,4.60375,5.35388,6.10853,6.86773,7.63152,8.39992,9.17296,9.95066,10.7331,11.5202,12.3121,13.1087,13.9102,14.7165,15.5276,16.3437,17.1647,17.9906,18.8216,19.6575,20.4985,21.3446,22.1957,23.052,23.9135,24.7802,25.6521,26.5293,27.4118,28.2996,29.1927,30.0913,30.9952,31.9047,32.8196,33.74,34.666,35.5976,36.5348,37.4777,38.4262,39.3805,40.3406,41.3064,42.2781,43.0151,43.5847,44.0329,44.3911,44.6816,44.9206,45.1195,45.2869,45.4293,45.5516,45.6575,45.7498,45.831,45.9028,45.966,46
0,0,0,0,0,0,0,0,0,0,0,0,0,0,0,0,0,0,0,0,0,0,0,0.19659,0.920111,1.648,2.38028,3.11698,3.85813,4.60375,5.35388,6.10853,6.86773,7.63152,8.39992,9.17296,9.95066,10.7331,11.5202,12.3121,13.1087,13.9102,14.7165,15.5276,16.3437,17.1647,17.9906,18.8216,19.6575,20.4985,21.3446,22.1957,23.052,23.9135,24.7802,25.6521,26.5293,27.4118,28.2996,29.1927,30.0913,30.9952,31.9047,32.8196,33.74,34.666,35.5976,36.5348,37.4777,38.4262,39.3805,40.3406,41.3064,42.2781,43.0151,43.5847,44.0329,44.3911,44.6816,44.9206,45.1195,45.2869,45.4293,45.5516,45.6575,45.7498,45.831,45.9028,45.966,46
0,0,0,0,0,0,0,0,0,0,0,0,0,0,0,0,0,0,0,0,0,0,0,0.19659,0.920111,1.648,2.38028,3.11698,3.85813,4.60375,5.35388,6.10853,6.86773,7.63152,8.39992,9.17296,9.95066,10.7331,11.5202,12.3121,13.1087,13.9102,14.7165,15.5276,16.3437,17.1647,17.9906,18.8216,19.6575,20.4985,21.3446,22.1957,23.052,23.9135,24.7802,25.6521,26.5293,27.4118,28.2996,29.1927,30.0913,30.9952,31.9047,32.8196,33.74,34.666,35.5976,36.5348,37.4777,38.4262,39.3805,40.3406,41.3064,42.2781,43.0151,43.5847,44.0329,44.3911,44.6816,44.9206,45.1195,45.2869,45.4293,45.5516,45.6575,45.7498,45.831,45.9028,45.966,46
0,0,0,0,0,0,0,0,0,0,0,0,0,0,0,0,0,0,0,0,0,0,0,0.19659,0.920111,1.648,2.38028,3.11698,3.85813,4.60375,5.35388,6.10853,6.86773,7.63152,8.39992,9.17296,9.95066,10.7331,11.5202,12.3121,13.1087,13.9102,14.7165,15.5276,16.3437,17.1647,17.9906,18.8216,19.6575,20.4985,21.3446,22.1957,23.052,23.9135,24.7802,25.6521,26.5293,27.4118,28.2996,29.1927,30.0913,30.9952,31.9047,32.8196,33.74,34.666,35.5976,36.5348,37.4777,38.4262,39.3805,40.3406,41.3064,42.2781,43.0151,43.5847,44.0329,44.3911,44.6816,44.9206,45.1195,45.2869,45.4293,45.5516,45.6575,45.7498,45.831,45.9028,45.966,46
0,0,0,0,0,0,0,0,0,0,0,0,0,0,0,0,0,0,0,0,0,0,0,0.19659,0.920111,1.648,2.38028,3.11698,3.85813,4.60375,5.35388,6.10853,6.86773,7.63152,8.39992,9.17296,9.95066,10.7331,11.5202,12.3121,13.1087,13.9102,14.7165,15.5276,16.3437,17.1647,17.9906,18.8216,19.6575,20.4985,21.3446,22.1957,23.052,23.9135,24.7802,25.6521,26.5293,27.4118,28.2996,29.1927,30.0913,30.9952,31.9047,32.8196,33.74,34.666,35.5976,36.5348,37.4777,38.4262,39.3805,40.3406,41.3064,42.2781,43.0151,43.5847,44.0329,44.3911,44.6816,44.9206,45.1195,45.2869,45.4293,45.5516,45.6575,45.7498,45.831,45.9028,45.966,46
0,0,0,0,0,0,0,0,0,0,0,0,0,0,0,0,0,0,0,0,0,0,0,0.19659,0.920111,1.648,2.38028,3.11698,3.85813,4.60375,5.35388,6.10853,6.86773,7.63152,8.39992,9.17296,9.95066,10.7331,11.5202,12.3121,13.1087,13.9102,14.7165,15.5276,16.3437,17.1647,17.9906,18.8216,19.6575,20.4985,21.3446,22.1957,23.052,23.9135,24.7802,25.6521,26.5293,27.4118,28.2996,29.1927,30.0913,30.9952,31.9047,32.8196,33.74,34.666,35.5976,36.5348,37.4777,38.4262,39.3805,40.3406,41.3064,42.2781,43.0151,43.5847,44.0329,44.3911,44.6816,44.9206,45.1195,45.2869,45.4293,45.5516,45.6575,45.7498,45.831,45.9028,45.966,46
0,0,0,0,0,0,0,0,0,0,0,0,0,0,0,0,0,0,0,0,0,0,0,0.19659,0.920111,1.648,2.38028,3.11698,3.85813,4.60375,5.35388,6.10853,6.86773,7.63152,8.39992,9.17296,9.95066,10.7331,11.5202,12.3121,13.1087,13.9102,14.7165,15.5276,16.3437,17.1647,17.9906,18.8216,19.6575,20.4985,21.3446,22.1957,23.052,23.9135,24.7802,25.6521,26.5293,27.4118,28.2996,29.1927,30.0913,30.9952,31.9047,32.8196,33.74,34.666,35.5976,36.5348,37.4777,38.4262,39.3805,40.3406,41.3064,42.2781,43.0151,43.5847,44.0329,44.3911,44.6816,44.9206,45.1195,45.2869,45.4293,45.5516,45.6575,45.7498,45.831,45.9028,45.966,46
0,0,0,0,0,0,0,0,0,0,0,0,0,0,0,0,0,0,0,0,0,0,0,0.19659,0.920111,1.648,2.38028,3.11698,3.85813,4.60375,5.35388,6.10853,6.86773,7.63152,8.39992,9.17296,9.95066,10.7331,11.5202,12.3121,13.1087,13.9102,14.7165,15.5276,16.3437,17.1647,17.9906,18.8216,19.6575,20.4985,21.3446,22.1957,23.052,23.9135,24.7802,25.6521,26.5293,27.4118,28.2996,29.1927,30.0913,30.9952,31.9047,32.8196,33.74,34.666,35.5976,36.5348,37.4777,38.4262,39.3805,40.3406,41.3064,42.2781,43.0151,43.5847,44.0329,44.3911,44.6816,44.9206,45.1195,45.2869,45.4293,45.5516,45.6575,45.7498,45.831,45.9028,45.966,46
0,0,0,0,0,0,0,0,0,0,0,0,0,0,0,0,0,0,0,0,0,0,0,0.203169,0.92669,1.65458,2.38686,3.12356,3.86471,4.61033,5.36046,6.11511,6.87431,7.6381,8.4065,9.17954,9.95724,10.7396,11.5268,12.3186,13.1153,13.9167,14.723,15.5342,16.3503,17.1713,17.9972,18.8281,19.6641,20.5051,21.3511,22.2023,23.0586,23.9201,24.7868,25.6587,26.5359,27.4183,28.3061,29.1993,30.0979,31.0018,31.9112,32.8262,33.7466,34.6726,35.6042,36.5414,37.4843,38.4328,39.3871,40.3471,41.313,42.3504,43.1532,43.7887,44.3026,44.7266,45.083,45.3877,45.6524,45.8856,46.0938,46.2819,46.4535,46.6117,46.7587,46.8962,47.0252,47.0965
0,0,0,0,0,0,0,0,0,0,0,0,0,0,0,0,0,0,0,0,0,0,0,0.236603,0.960124,1.68801,2.42029,3.157,3.89814,4.64377,5.39389,6.14854,6.90775,7.67154,8.43994,9.21297,9.99068,10.7731,11.5602,12.3521,13.1487,13.9502,14.7565,15.5676,16.3837,17.2047,18.0306,18.8616,19.6975,20.5385,21.3846,22.2357,23.0921,23.9535,24.8202,25.6921,26.5693,27.4518,28.3396,29.2327,30.1313,31.0353,31.9447,32.8596,33.78,34.706,35.6376,36.5748,37.5177,38.4663,39.4205,40.3806,41.4118,42.7753,43.8963,44.842,45.6583,46.3767,47.0197,47.6031,48.1386,48.6347,49.0979,49.533,49.9439,50.3334,50.7038,51.0569,51.3925,51.5789
0,0,0,0,0,0,0,0,0,0,0,0,0,0,0,0,0,0,0,0,0,0,0,0.292293,1.01581,1.7437,2.47598,3.21269,3.95383,4.69946,5.44958,6.20423,6.96344,7.72723,8.49563,9.26866,10.0464,10.8288,11.6159,12.4078,13.2044,14.0059,14.8122,15.6233,16.4394,17.2604,18.0863,18.9173,19.7532,20.5942,21.4403,22.2914,23.1478,24.0092,24.8759,25.7478,26.625,27.5075,28.3953,29.2884,30.187,31.0909,32.0004,32.9153,33.8357,34.7617,35.6933,36.6305,37.5734,38.5219,39.4762,40.5013,41.8566,43.7163,45.2884,46.6417,47.8232,48.8661,49.7941,50.6246,51.3706,52.0421,52.6469,53.1915,53.6809,54.1194,54.5109,54.8583,55.1604,55.3217
0,0,0,0,0,0,0,0,0,0,0,0,0,0,0,0,0,0,0,0,0,0,0,0.36429,1.08781,1.8157,2.54798,3.28468,4.02583,4.77145,5.52158,6.27623,7.03543,7.79922,8.56762,9.34066,10.1184,10.9008,11.6879,12.4798,13.2764,14.0779,14.8842,15.6953,16.5114,17.3324,18.1583,18.9893,19.8252,20.6662,21.5123,22.3634,23.2197,24.0812,24.9479,25.8198,26.697,27.5795,28.4673,29.3604,30.259,31.1629,32.0724,32.9873,33.9077,34.8337,35.7653,36.7025,37.6454,38.5939,39.6128,40.96,42.8086,45.1997,47.2108,48.9198,50.3824,51.6402,52.7248,53.6613,54.4699,55.1677,55.7691,56.2868,56.7318,57.1141,57.4427,57.7253,57.9669,58.0952
0,0,0,0,0,0,0,0,0,0,0,0,0,0,0,0,0,0,0,0,0,0,0,0.446787,1.17031,1.8982,2.63048,3.36718,4.10833,4.85395,5.60407,6.35872,7.11793,7.88172,8.65012,9.42316,10.2009,10.9833,11.7704,12.5623,13.3589,14.1604,14.9667,15.7778,16.5939,17.4149,18.2408,19.0718,19.9077,20.7487,21.5948,22.4459,23.3022,24.1637,25.0304,25.9023,26.7795,27.662,28.5498,29.4429,30.3415,31.2454,32.1549,33.0698,33.9902,34.9162,35.8478,36.785,37.7279,38.7407,40.0798,41.9173,44.294,47.1154,49.4315,51.3419,52.9224,54.2317,55.3169,56.2164,56.9619,57.58,58.0928,58.5193,58.8751,59.1736,59.4256,59.6398,59.8212,59.9172
0,0,0,0,0,0,0,0,0,0,0,0,0,0,0,0,0,0,0,0,0,0,0,0.535117,1.25864,1.98653,2.71881,3.45551,4.19666,4.94228,5.6924,6.44705,7.20626,7.97005,8.73845,9.51149,10.2892,11.0716,11.8587,12.6506,13.4472,14.2487,15.055,15.8662,16.6822,17.5032,18.3292,19.1601,19.996,20.837,21.6831,22.5343,23.3906,24.2521,25.1187,25.9907,26.8678,27.7503,28.6381,29.5313,30.4298,31.3338,32.2432,33.1581,34.0786,35.0046,35.9361,36.8733,37.8801,39.2111,41.0376,43.4001,46.2046,49.2591,51.6813,53.6056,55.1358,56.3533,57.3229,58.0962,58.7144,59.2108,59.6115,59.9376,60.2052,60.427,60.6127,60.7697,60.902,60.9719
0,0,0,0,0,0,0,0,0,0,0,0,0,0,0,0,0,0,0,0,0,0,0,0.626112,1.34963,2.07752,2.8098,3.5465,4.28765,5.03328,5.7834,6.53805,7.29726,8.06105,8.82945,9.60248,10.3802,11.1626,11.9497,12.7416,13.5382,14.3397,15.146,15.9572,16.7732,17.5942,18.4202,19.2511,20.087,20.928,21.7741,22.6253,23.4816,24.3431,25.2097,26.0816,26.9588,27.8413,28.7291,29.6222,30.5208,31.4248,32.3342,33.2491,34.1696,35.0955,36.0271,37.0278,38.3509,40.1664,42.5147,45.3024,48.3386,51.3956,53.7268,55.5063,56.8665,57.9084,58.7096,59.3289,59.8115,60.191,60.493,60.7364,60.9352,61.0996,61.2372,61.3537,61.4523,61.5044
0,0,0,0,0,0,0,0,0,0,0,0,0,0,0,0,0,0,0,0,0,0,0,0.717947,1.44147,2.16936,2.90164,3.63834,4.37949,5.12511,5.87523,6.62988,7.38909,8.15288,8.92128,9.69432,10.472,11.2544,12.0415,12.8334,13.6301,14.4315,15.2378,16.049,16.8651,17.686,18.512,19.3429,20.1789,21.0199,21.8659,22.7171,23.5734,24.4349,25.3016,26.1735,27.0507,27.9331,28.8209,29.7141,30.6126,31.5166,32.426,33.3409,34.2614,35.1874,36.182,37.4972,39.3018,41.636,44.407,47.425,50.4636,53.3214,55.4172,56.9581,58.0959,58.9414,59.5757,60.057,60.4275,60.7173,60.9478,61.1341,61.2871,61.4147,61.5226,61.6147,61.6935,61.7353
0,0,0,0,0,0,0,0,0,0,0,0,0,0,0,0,0,0,0,0,0,0,0.0905561,0.809736,1.53326,2.26114,2.99343,3.73013,4.47128,5.2169,5.96702,6.72167,7.48088,8.24467,9.01307,9.78611,10.5638,11.3462,12.1333,12.9252,13.7219,14.5233,15.3296,16.1408,16.9568,17.7778,18.6038,19.4347,20.2706,21.1116,21.9577,22.8089,23.6652,24.5267,25.3934,26.2653,27.1424,28.0249,28.9127,29.8059,30.7044,31.6084,32.5178,33.4327,34.3532,35.3419,36.6491,38.4429,40.7631,43.5174,46.5173,49.5378,52.3784,54.9057,56.6966,57.9745,58.8955,59.5683,60.0681,60.4465,60.739,60.9697,61.1554,61.3077,61.4346,61.542,61.634,61.7137,61.7827,61.8195
0,0,0,0,0,0,0,0,0,0,0,0,0,0,0,0,0,0,0,0,0,0,0.181944,0.901124,1.62464,2.35253,3.08481,3.82152,4.56266,5.30829,6.05841,6.81306,7.57227,8.33606,9.10446,9.87749,10.6552,11.4376,12.2247,13.0166,13.8132,14.6147,15.421,16.2322,17.0482,17.8692,18.6952,19.5261,20.362,21.203,22.0491,22.9003,23.7566,24.6181,25.4847,26.3567,27.2338,28.1163,29.0041,29.8973,30.7958,31.6998,32.6092,33.5241,34.5069,35.8063,37.5893,39.8956,42.6334,45.6153,48.6176,51.4412,53.9534,56.1024,57.5881,58.63,59.3742,59.9177,60.3242,60.6359,60.8809,61.0777,61.239,61.3736,61.4876,61.5855,61.6704,61.7447,61.8097,61.8445
0,0,0,0,0,0,0,0,0,0,0,0,0,0,0,0,0,0,0,0,0,0,0.272819,0.991998,1.71552,2.44341,3.17569,3.91239,4.65354,5.39916,6.14929,6.90394,7.66314,8.42693,9.19533,9.96837,10.7461,11.5285,12.3156,13.1075,13.9041,14.7056,15.5119,16.323,17.1391,17.9601,18.786,19.617,20.4529,21.2939,22.14,22.9911,23.8475,24.7089,25.5756,26.4475,27.3247,28.2072,29.095,29.9881,30.8867,31.7907,32.7001,33.6769,34.9686,36.7409,39.0333,41.7547,44.7187,47.703,50.5096,53.0067,55.1429,56.9354,58.1617,59.0208,59.6391,60.0972,60.4464,60.7198,60.9392,61.1188,61.2685,61.3952,61.5037,61.5978,61.68,61.7525,61.8161,61.8503
0,0,0,0,0,0,0,0,0,0,0,0,0,0,0,0,0,0,0,0,0,0,0.363154,1.08233,1.80585,2.53374,3.26602,4.00273,4.74387,5.4895,6.23962,6.99427,7.75348,8.51727,9.28567,10.0587,10.8364,11.6188,12.4059,13.1978,13.9945,14.7959,15.6022,16.4134,17.2294,18.0504,18.8764,19.7073,20.5432,21.3842,22.2303,23.0815,23.9378,24.7993,25.666,26.5379,27.415,28.2975,29.1853,30.0785,30.977,31.881,32.852,34.1359,35.8976,38.1762,40.8813,43.8275,46.7939,49.5837,52.0658,54.1891,55.9709,57.4712,58.5034,59.2366,59.7747,60.1823,60.4999,60.7537,60.9607,61.1327,61.2775,61.4012,61.5078,61.6006,61.682,61.7539,61.8172,61.8512
0,0,0,0,0,0,0,0,0,0,0,0,0,0,0,0,0,0,0,0,0,0,0.452947,1.17213,1.89565,2.62354,3.35582,4.09252,4.83367,5.57929,6.32941,7.08406,7.84327,8.60706,9.37546,10.1485,10.9262,11.7086,12.4957,13.2876,14.0842,14.8857,15.692,16.5032,17.3192,18.1402,18.9662,19.7971,20.633,21.474,22.3201,23.1713,24.0276,24.8891,25.7557,26.6277,27.5048,28.3873,29.2751,30.1683,31.0668,32.032,33.3082,35.0593,37.3243,40.0131,42.9416,45.8902,48.6633,51.1305,53.2411,55.0122,56.5035,57.7904,58.692,59.3469,59.8389,60.2195,60.5214,60.7661,60.9679,61.1368,61.28,61.4026,61.5086,61.6011,61.6823,61.7541,61.8173,61.8513
